,국립공원명,Year,경도,위도,본부명,지사명,노선명,방향,발생건수
0,태안해안,2011,126.3287751,36.5546,,,,,1.0
1,변산반도,2011,126.582075,35.6470216,,,,,19.0
2,변산반도,2011,126.5970999,35.6598,,,,,8.0
3,내장산,2011,126.8461131,35.4476,,,,,14.0
4,내장산,2011,126.8553923,35.47090788,,,,,9.0
5,내장산,2011,126.8801725,35.4272,,,,,8.0
6,내장산,2011,126.9107078,35.5041,,,,,4.0
7,내장산,2011,126.9179253,35.4874,,,,,3.0
8,내장산,2011,126.9187452,35.5007,,,,,5.0
9,계룡산,2011,127.2203616,36.35454305,,,,,3.0
10,계룡산,2011,127.2520036,36.3472,,,,,4.0
11,지리산,2011,127.4766038,35.3852,,,,,3.0
12,지리산,2011,127.5005907,35.2982,,,,,7.0
13,지리산,2011,127.523318,35.3576,,,,,9.0
14,지리산,2011,127.5668684,35.3637,,,,,27.0
15,지리산,2011,127.6366693,35.31619123,,,,,13.0
16,덕유산,2011,127.6941005,35.9619,,,,,3.0
17,덕유산,2011,127.7369697,35.9182,,,,,7.0
18,덕유산,2011,127.7642246,35.88538897,,,,,13.0
19,덕유산,2011,127.7678166,35.9326,,,,,23.0
20,속리산,2011,127.8235942,36.4883,,,,,4.0
21,속리산,2011,127.8338308,36.6777,,,,,1.0
22,속리산,2011,127.8746136,36.5033,,,,,4.0
23,속리산,2011,127.8789419,36.68945195,,,,,14.0
24,속리산,2011,127.9033749,36.7345,,,,,10.0
25,치악산,2011,128.0487569,37.4122,,,,,2.0
26,월악산,2011,128.0850818,36.8423,,,,,2.0
27,치악산,2011,128.0879428,37.34761886,,,,,4.0
28,가야산,2011,128.0999096,35.80785319,,,,,3.0
29,월악산,2011,128.2596559,36.87919161,,,,,3.0
30,월악산,2011,128.2963322,36.8722,,,,,1.0
31,설악산,2011,128.391064,38.101,,,,,28.0
32,설악산,2011,128.4153535,38.13378028,,,,,4.0
33,소백산,2011,128.421133,36.9076,,,,,8.0
34,소백산,2011,128.4548561,36.9007,,,,,3.0
35,소백산,2011,128.5149468,36.97639272,,,,,1.0
36,설악산,2011,128.5299131,38.179,,,,,1.0
37,오대산,2011,128.5809816,37.7553,,,,,16.0
38,오대산,2011,128.5852584,37.77809511,,,,,50.0
39,오대산,2011,128.6169457,37.7688,,,,,58.0
40,주왕산,2011,129.1090618,36.4341,,,,,1.0
41,주왕산,2011,129.1797786,36.41166713,,,,,2.0
42,주왕산,2011,129.2196397,36.3496,,,,,2.0
43,경주,2011,129.3485815,35.7816,,,,,8.0
44,경주,2011,129.3529929,35.8147,,,,,1.0
45,경주,2011,129.3555912,35.82057739,,,,,2.0
46,태안해안,2012,126.2872804,36.66268047,,,,,1.0
47,태안해안,2012,126.3287751,36.5546,,,,,5.0
48,태안해안,2012,126.3439414,36.5613,,,,,1.0
49,변산반도,2012,126.582075,35.6470216,,,,,2.0
50,변산반도,2012,126.5970999,35.6598,,,,,20.0
51,월출산,2012,126.6675769,34.74428893,,,,,3.0
52,내장산,2012,126.8461131,35.4476,,,,,5.0
53,내장산,2012,126.8553923,35.47090788,,,,,10.0
54,내장산,2012,126.8801725,35.4272,,,,,5.0
55,내장산,2012,126.9187452,35.5007,,,,,3.0
56,계룡산,2012,127.2203616,36.35454305,,,,,5.0
57,계룡산,2012,127.2520036,36.3472,,,,,6.0
58,지리산,2012,127.4766038,35.3852,,,,,3.0
59,지리산,2012,127.5005907,35.2982,,,,,39.0
60,지리산,2012,127.523318,35.3576,,,,,9.0
61,지리산,2012,127.5668684,35.3637,,,,,42.0
62,지리산,2012,127.6366693,35.31619123,,,,,31.0
63,덕유산,2012,127.6941005,35.9619,,,,,2.0
64,덕유산,2012,127.7369697,35.9182,,,,,6.0
65,덕유산,2012,127.7642246,35.88538897,,,,,5.0
66,덕유산,2012,127.7678166,35.9326,,,,,38.0
67,속리산,2012,127.8235942,36.4883,,,,,4.0
68,속리산,2012,127.8733635,36.5897,,,,,1.0
69,속리산,2012,127.8746136,36.5033,,,,,2.0
70,속리산,2012,127.8789419,36.68945195,,,,,14.0
71,속리산,2012,127.9033749,36.7345,,,,,3.0
72,월악산,2012,128.0850818,36.8423,,,,,1.0
73,치악산,2012,128.0879428,37.34761886,,,,,9.0
74,가야산,2012,128.0999096,35.80785319,,,,,5.0
75,가야산,2012,128.1139481,35.7837,,,,,2.0
76,월악산,2012,128.2596559,36.87919161,,,,,3.0
77,설악산,2012,128.391064,38.101,,,,,15.0
78,설악산,2012,128.4153535,38.13378028,,,,,9.0
79,소백산,2012,128.421133,36.9076,,,,,4.0
80,소백산,2012,128.4548561,36.9007,,,,,6.0
81,소백산,2012,128.5149468,36.97639272,,,,,2.0
82,오대산,2012,128.5809816,37.7553,,,,,4.0
83,오대산,2012,128.5852584,37.77809511,,,,,23.0
84,오대산,2012,128.6169457,37.7688,,,,,33.0
85,주왕산,2012,129.1090618,36.4341,,,,,1.0
86,주왕산,2012,129.1797786,36.41166713,,,,,2.0
87,주왕산,2012,129.2196397,36.3496,,,,,4.0
88,경주,2012,129.3555912,35.82057739,,,,,2.0
89,변산반도,2013,126.582075,35.6470216,,,,,1.0
90,변산반도,2013,126.5970999,35.6598,,,,,11.0
91,월출산,2013,126.6675769,34.74428893,,,,,2.0
92,내장산,2013,126.8553923,35.47090788,,,,,4.0
93,내장산,2013,126.8855199,35.5113,,,,,1.0
94,내장산,2013,126.9107078,35.5041,,,,,1.0
95,내장산,2013,126.9187452,35.5007,,,,,1.0
96,계룡산,2013,127.2203616,36.35454305,,,,,1.0
97,계룡산,2013,127.2520036,36.3472,,,,,3.0
98,지리산,2013,127.4766038,35.3852,,,,,4.0
99,지리산,2013,127.5005907,35.2982,,,,,17.0
100,지리산,2013,127.523318,35.3576,,,,,4.0
101,지리산,2013,127.5668684,35.3637,,,,,11.0
102,지리산,2013,127.6366693,35.31619123,,,,,11.0
103,덕유산,2013,127.6941005,35.9619,,,,,1.0
104,덕유산,2013,127.7369697,35.9182,,,,,1.0
105,덕유산,2013,127.7642246,35.88538897,,,,,6.0
106,덕유산,2013,127.7678166,35.9326,,,,,27.0
107,속리산,2013,127.8235942,36.4883,,,,,5.0
108,속리산,2013,127.8733635,36.5897,,,,,3.0
109,속리산,2013,127.8746136,36.5033,,,,,2.0
110,속리산,2013,127.8789419,36.68945195,,,,,12.0
111,속리산,2013,127.9033749,36.7345,,,,,2.0
112,치악산,2013,128.0487569,37.4122,,,,,6.0
113,월악산,2013,128.0850818,36.8423,,,,,2.0
114,치악산,2013,128.0879428,37.34761886,,,,,4.0
115,가야산,2013,128.0999096,35.80785319,,,,,4.0
116,월악산,2013,128.2596559,36.87919161,,,,,1.0
117,설악산,2013,128.391064,38.101,,,,,9.0
118,설악산,2013,128.4153535,38.13378028,,,,,6.0
119,소백산,2013,128.421133,36.9076,,,,,1.0
120,소백산,2013,128.4548561,36.9007,,,,,1.0
121,소백산,2013,128.5149468,36.97639272,,,,,4.0
122,오대산,2013,128.5809816,37.7553,,,,,8.0
123,오대산,2013,128.5852584,37.77809511,,,,,30.0
124,오대산,2013,128.6169457,37.7688,,,,,48.0
125,주왕산,2013,129.1090618,36.4341,,,,,2.0
126,주왕산,2013,129.1797786,36.41166713,,,,,3.0
127,주왕산,2013,129.2196397,36.3496,,,,,1.0
128,경주,2013,129.3555912,35.82057739,,,,,1.0
129,태안해안,2014,126.3287751,36.5546,,,,,1.0
130,변산반도,2014,126.582075,35.6470216,,,,,4.0
131,변산반도,2014,126.5970999,35.6598,,,,,18.0
132,월출산,2014,126.6675769,34.74428893,,,,,1.0
133,내장산,2014,126.8553923,35.47090788,,,,,4.0
134,내장산,2014,126.8801725,35.4272,,,,,2.0
135,내장산,2014,126.8855199,35.5113,,,,,1.0
136,내장산,2014,126.9107078,35.5041,,,,,5.0
137,내장산,2014,126.9179253,35.4874,,,,,2.0
138,내장산,2014,126.9187452,35.5007,,,,,8.0
139,계룡산,2014,127.2203616,36.35454305,,,,,2.0
140,계룡산,2014,127.2520036,36.3472,,,,,9.0
141,지리산,2014,127.4766038,35.3852,,,,,2.0
142,지리산,2014,127.5005907,35.2982,,,,,19.0
143,지리산,2014,127.523318,35.3576,,,,,12.0
144,지리산,2014,127.5668684,35.3637,,,,,17.0
145,지리산,2014,127.5850394,35.2572,,,,,1.0
146,지리산,2014,127.6366693,35.31619123,,,,,12.0
147,덕유산,2014,127.6941005,35.9619,,,,,1.0
148,덕유산,2014,127.7369697,35.9182,,,,,4.0
149,덕유산,2014,127.7642246,35.88538897,,,,,5.0
150,덕유산,2014,127.7678166,35.9326,,,,,11.0
151,덕유산,2014,127.7956418,35.9633,,,,,1.0
152,속리산,2014,127.8746136,36.5033,,,,,3.0
153,속리산,2014,127.8789419,36.68945195,,,,,7.0
154,속리산,2014,127.9033749,36.7345,,,,,2.0
155,치악산,2014,128.0487569,37.4122,,,,,7.0
156,월악산,2014,128.0850818,36.8423,,,,,11.0
157,치악산,2014,128.0879428,37.34761886,,,,,9.0
158,가야산,2014,128.0999096,35.80785319,,,,,1.0
159,월악산,2014,128.2596559,36.87919161,,,,,4.0
160,월악산,2014,128.2963322,36.8722,,,,,1.0
161,설악산,2014,128.391064,38.101,,,,,6.0
162,설악산,2014,128.4153535,38.13378028,,,,,3.0
163,소백산,2014,128.421133,36.9076,,,,,2.0
164,소백산,2014,128.4548561,36.9007,,,,,5.0
165,소백산,2014,128.5149468,36.97639272,,,,,1.0
166,오대산,2014,128.5809816,37.7553,,,,,12.0
167,오대산,2014,128.5852584,37.77809511,,,,,20.0
168,오대산,2014,128.6169457,37.7688,,,,,40.0
169,소백산,2014,128.6588821,37.0242,,,,,1.0
170,주왕산,2014,129.1090618,36.4341,,,,,3.0
171,경주,2014,129.3555912,35.82057739,,,,,1.0
172,변산반도,2015,126.582075,35.6470216,,,,,4.0
173,변산반도,2015,126.5970999,35.6598,,,,,14.0
174,월출산,2015,126.6675769,34.74428893,,,,,1.0
175,내장산,2015,126.8461131,35.4476,,,,,1.0
176,내장산,2015,126.8553923,35.47090788,,,,,3.0
177,내장산,2015,126.8801725,35.4272,,,,,3.0
178,내장산,2015,126.9107078,35.5041,,,,,2.0
179,내장산,2015,126.9187452,35.5007,,,,,6.0
180,계룡산,2015,127.2203616,36.35454305,,,,,3.0
181,계룡산,2015,127.2520036,36.3472,,,,,7.0
182,지리산,2015,127.4766038,35.3852,,,,,4.0
183,지리산,2015,127.5005907,35.2982,,,,,11.0
184,지리산,2015,127.523318,35.3576,,,,,5.0
185,지리산,2015,127.5668684,35.3637,,,,,7.0
186,지리산,2015,127.6366693,35.31619123,,,,,8.0
187,덕유산,2015,127.7369697,35.9182,,,,,1.0
188,덕유산,2015,127.7642246,35.88538897,,,,,1.0
189,덕유산,2015,127.7678166,35.9326,,,,,8.0
190,속리산,2015,127.8338308,36.6777,,,,,4.0
191,속리산,2015,127.8733635,36.5897,,,,,3.0
192,속리산,2015,127.8746136,36.5033,,,,,3.0
193,속리산,2015,127.8789419,36.68945195,,,,,7.0
194,속리산,2015,127.9033749,36.7345,,,,,4.0
195,치악산,2015,128.0487569,37.4122,,,,,3.0
196,월악산,2015,128.0850818,36.8423,,,,,4.0
197,치악산,2015,128.0879428,37.34761886,,,,,3.0
198,가야산,2015,128.0999096,35.80785319,,,,,5.0
199,가야산,2015,128.1139481,35.7837,,,,,1.0
200,월악산,2015,128.2596559,36.87919161,,,,,1.0
201,설악산,2015,128.391064,38.101,,,,,6.0
202,소백산,2015,128.421133,36.9076,,,,,5.0
203,소백산,2015,128.4548561,36.9007,,,,,8.0
204,소백산,2015,128.5149468,36.97639272,,,,,7.0
205,오대산,2015,128.5809816,37.7553,,,,,8.0
206,오대산,2015,128.5852584,37.77809511,,,,,18.0
207,오대산,2015,128.6169457,37.7688,,,,,25.0
208,주왕산,2015,129.2196397,36.3496,,,,,1.0
209,경주,2015,129.3485815,35.7816,,,,,4.0
210,경주,2015,129.3529929,35.8147,,,,,1.0
211,태안해안,2016,126.2872804,36.66268047,,,,,1.0
212,태안해안,2016,126.3287751,36.5546,,,,,3.0
213,변산반도,2016,126.5970999,35.6598,,,,,8.0
214,월출산,2016,126.6675769,34.74428893,,,,,1.0
215,내장산,2016,126.8461131,35.4476,,,,,11.0
216,내장산,2016,126.8553923,35.47090788,,,,,2.0
217,내장산,2016,126.8801725,35.4272,,,,,7.0
218,내장산,2016,126.9107078,35.5041,,,,,10.0
219,내장산,2016,126.9187452,35.5007,,,,,7.0
220,무등산,2016,126.973189,35.1571,,,,,31.0
221,무등산,2016,126.980779,35.15085986,,,,,1.0
222,무등산,2016,126.9869538,35.164,,,,,6.0
223,계룡산,2016,127.2520036,36.3472,,,,,5.0
224,지리산,2016,127.5005907,35.2982,,,,,10.0
225,지리산,2016,127.523318,35.3576,,,,,7.0
226,지리산,2016,127.5668684,35.3637,,,,,29.0
227,지리산,2016,127.6366693,35.31619123,,,,,2.0
228,덕유산,2016,127.6941005,35.9619,,,,,1.0
229,덕유산,2016,127.7369697,35.9182,,,,,1.0
230,덕유산,2016,127.7642246,35.88538897,,,,,1.0
231,덕유산,2016,127.7678166,35.9326,,,,,4.0
232,속리산,2016,127.8338308,36.6777,,,,,1.0
233,속리산,2016,127.8733635,36.5897,,,,,2.0
234,속리산,2016,127.8746136,36.5033,,,,,9.0
235,속리산,2016,127.8789419,36.68945195,,,,,5.0
236,속리산,2016,127.9033749,36.7345,,,,,1.0
237,치악산,2016,128.0487569,37.4122,,,,,3.0
238,월악산,2016,128.0850818,36.8423,,,,,8.0
239,치악산,2016,128.0879428,37.34761886,,,,,1.0
240,가야산,2016,128.0999096,35.80785319,,,,,2.0
241,가야산,2016,128.1139481,35.7837,,,,,4.0
242,월악산,2016,128.2596559,36.87919161,,,,,3.0
243,설악산,2016,128.391064,38.101,,,,,19.0
244,설악산,2016,128.4153535,38.13378028,,,,,4.0
245,소백산,2016,128.421133,36.9076,,,,,20.0
246,소백산,2016,128.4548561,36.9007,,,,,14.0
247,소백산,2016,128.5149468,36.97639272,,,,,4.0
248,소백산,2016,128.5215325,36.9056,,,,,1.0
249,오대산,2016,128.5809816,37.7553,,,,,6.0
250,오대산,2016,128.5852584,37.77809511,,,,,12.0
251,오대산,2016,128.6169457,37.7688,,,,,16.0
252,주왕산,2016,129.1090618,36.4341,,,,,1.0
253,태안해안,2017,126.3287751,36.5546,,,,,10.0
254,변산반도,2017,126.582075,35.6470216,,,,,2.0
255,변산반도,2017,126.5970999,35.6598,,,,,9.0
256,월출산,2017,126.6675769,34.74428893,,,,,1.0
257,내장산,2017,126.8461131,35.4476,,,,,7.0
258,내장산,2017,126.8553923,35.47090788,,,,,4.0
259,내장산,2017,126.8801725,35.4272,,,,,5.0
260,내장산,2017,126.9107078,35.5041,,,,,3.0
261,내장산,2017,126.9179253,35.4874,,,,,2.0
262,내장산,2017,126.9187452,35.5007,,,,,6.0
263,무등산,2017,126.973189,35.1571,,,,,3.0
264,계룡산,2017,127.2520036,36.3472,,,,,5.0
265,지리산,2017,127.4766038,35.3852,,,,,3.0
266,지리산,2017,127.4934446,35.2507,,,,,2.0
267,지리산,2017,127.5005907,35.2982,,,,,69.0
268,지리산,2017,127.523318,35.3576,,,,,6.0
269,지리산,2017,127.5668684,35.3637,,,,,14.0
270,지리산,2017,127.6366693,35.31619123,,,,,21.0
271,덕유산,2017,127.7642246,35.88538897,,,,,2.0
272,덕유산,2017,127.7678166,35.9326,,,,,6.0
273,속리산,2017,127.8338308,36.6777,,,,,1.0
274,속리산,2017,127.8733635,36.5897,,,,,1.0
275,속리산,2017,127.8746136,36.5033,,,,,2.0
276,속리산,2017,127.8789419,36.68945195,,,,,7.0
277,속리산,2017,127.9033749,36.7345,,,,,1.0
278,치악산,2017,128.0487569,37.4122,,,,,4.0
279,월악산,2017,128.0850818,36.8423,,,,,7.0
280,치악산,2017,128.0879428,37.34761886,,,,,1.0
281,가야산,2017,128.1139481,35.7837,,,,,1.0
282,월악산,2017,128.2596559,36.87919161,,,,,1.0
283,월악산,2017,128.2963322,36.8722,,,,,1.0
284,설악산,2017,128.391064,38.101,,,,,7.0
285,설악산,2017,128.4153535,38.13378028,,,,,1.0
286,소백산,2017,128.421133,36.9076,,,,,12.0
287,설악산,2017,128.425986,38.217,,,,,1.0
288,소백산,2017,128.4548561,36.9007,,,,,10.0
289,소백산,2017,128.5149468,36.97639272,,,,,2.0
290,소백산,2017,128.5215325,36.9056,,,,,2.0
291,설악산,2017,128.5299131,38.179,,,,,1.0
292,오대산,2017,128.5809816,37.7553,,,,,4.0
293,오대산,2017,128.5852584,37.77809511,,,,,8.0
294,오대산,2017,128.6169457,37.7688,,,,,23.0
295,경주,2017,129.3529929,35.8147,,,,,1.0
296,다도해해상,2018,126.1611309,34.3645,,,,,1.0
297,태안해안,2018,126.3287751,36.5546,,,,,3.0
298,변산반도,2018,126.582075,35.6470216,,,,,1.0
299,변산반도,2018,126.5970999,35.6598,,,,,4.0
300,내장산,2018,126.8461131,35.4476,,,,,4.0
301,내장산,2018,126.8553923,35.47090788,,,,,4.0
302,내장산,2018,126.8801725,35.4272,,,,,1.0
303,내장산,2018,126.9107078,35.5041,,,,,5.0
304,내장산,2018,126.9179253,35.4874,,,,,2.0
305,내장산,2018,126.9187452,35.5007,,,,,2.0
306,무등산,2018,126.9869538,35.164,,,,,2.0
307,계룡산,2018,127.2203616,36.35454305,,,,,2.0
308,계룡산,2018,127.2520036,36.3472,,,,,4.0
309,지리산,2018,127.4766038,35.3852,,,,,2.0
310,지리산,2018,127.5005907,35.2982,,,,,47.0
311,지리산,2018,127.523318,35.3576,,,,,8.0
312,지리산,2018,127.5668684,35.3637,,,,,1.0
313,지리산,2018,127.5850394,35.2572,,,,,1.0
314,지리산,2018,127.6366693,35.31619123,,,,,14.0
315,덕유산,2018,127.6904907,35.8231,,,,,1.0
316,덕유산,2018,127.6941005,35.9619,,,,,2.0
317,덕유산,2018,127.7369697,35.9182,,,,,2.0
318,지리산,2018,127.7521672,35.3129,,,,,1.0
319,덕유산,2018,127.7642246,35.88538897,,,,,3.0
320,덕유산,2018,127.7678166,35.9326,,,,,8.0
321,속리산,2018,127.8235942,36.4883,,,,,5.0
322,속리산,2018,127.8733635,36.5897,,,,,1.0
323,속리산,2018,127.8746136,36.5033,,,,,1.0
324,속리산,2018,127.8789419,36.68945195,,,,,4.0
325,속리산,2018,127.9033749,36.7345,,,,,1.0
326,치악산,2018,128.0156229,37.2827,,,,,1.0
327,치악산,2018,128.0487569,37.4122,,,,,4.0
328,월악산,2018,128.0850818,36.8423,,,,,10.0
329,치악산,2018,128.0879428,37.34761886,,,,,1.0
330,가야산,2018,128.0999096,35.80785319,,,,,1.0
331,월악산,2018,128.1941913,36.9271,,,,,2.0
332,월악산,2018,128.2596559,36.87919161,,,,,4.0
333,설악산,2018,128.391064,38.101,,,,,6.0
334,설악산,2018,128.4153535,38.13378028,,,,,1.0
335,소백산,2018,128.421133,36.9076,,,,,1.0
336,설악산,2018,128.425986,38.217,,,,,2.0
337,설악산,2018,128.446255,38.2127,,,,,1.0
338,소백산,2018,128.4548561,36.9007,,,,,7.0
339,설악산,2018,128.50549,38.1711,,,,,1.0
340,소백산,2018,128.5215325,36.9056,,,,,5.0
341,설악산,2018,128.5299131,38.179,,,,,1.0
342,오대산,2018,128.5809816,37.7553,,,,,4.0
343,오대산,2018,128.5852584,37.77809511,,,,,5.0
344,오대산,2018,128.6169457,37.7688,,,,,5.0
345,주왕산,2018,129.1090618,36.4341,,,,,2.0
346,주왕산,2018,129.2196397,36.3496,,,,,1.0
347,경주,2018,129.3529929,35.8147,,,,,1.0
348,태안해안,2019,126.3287751,36.5546,,,,,4.0
349,,2019,126.555,36.387,전북,보령,서해안선,목포,3.0
350,,2019,126.564,36.343,전북,보령,서해안선,목포,5.0
351,,2019,126.569,36.267,전북,보령,서해안선,목포,4.0
352,,2019,126.583,35.357,전북,부안,서해안선,목포,3.0
353,,2019,126.619,36.851,대전충남,당진,서해안선,서울,3.0
354,,2019,126.647,36.109,전북,보령,서해안선,서울,3.0
355,,2019,126.759,36.714,대전충남,공주,당진대전선,당진,3.0
356,,2019,126.759,36.919,대전충남,당진,서해안선,서울,8.0
357,,2019,126.766,36.128,대전충남,부여,서천공주선,서천,3.0
358,,2019,126.777,36.217,대전충남,부여,서천공주선,공주,3.0
359,,2019,126.777,36.217,대전충남,부여,서천공주선,서천,3.0
360,,2019,126.798,36.258,대전충남,부여,서천공주선,서천,5.0
361,,2019,126.825,36.647,대전충남,공주,당진대전선,대전,4.0
362,,2019,126.838,36.287,대전충남,부여,서천공주선,서천,3.0
363,내장산,2019,126.8461131,35.4476,,,,,3.0
364,,2019,126.855,36.609,대전충남,공주,당진대전선,대전,3.0
365,내장산,2019,126.8553923,35.47090788,,,,,4.0
366,,2019,126.876,36.32,대전충남,부여,서천공주선,서천,3.0
367,내장산,2019,126.8801725,35.4272,,,,,2.0
368,내장산,2019,126.8855199,35.5113,,,,,3.0
369,다도해해상,2019,126.8941253,34.2025,,,,,21.0
370,,2019,126.901,36.59,대전충남,공주,당진대전선,당진,3.0
371,내장산,2019,126.9107078,35.5041,,,,,2.0
372,,2019,126.913,36.353,대전충남,부여,서천공주선,서천,4.0
373,내장산,2019,126.9179253,35.4874,,,,,1.0
374,내장산,2019,126.9187452,35.5007,,,,,2.0
375,,2019,126.951,36.574,대전충남,공주,당진대전선,당진,5.0
376,,2019,126.951,36.574,대전충남,공주,당진대전선,대전,5.0
377,무등산,2019,126.980779,35.15085986,,,,,3.0
378,,2019,126.99,36.545,대전충남,공주,당진대전선,대전,5.0
379,,2019,127.012,36.505,대전충남,공주,당진대전선,대전,5.0
380,,2019,127.024,35.798,전북,전주,호남선,순천,3.0
381,,2019,127.051,36.206,전북,논산,호남지선,논산,3.0
382,,2019,127.054,36.161,전북,논산,호남지선,논산,3.0
383,,2019,127.081,36.426,대전충남,대전,호남지선,논산,3.0
384,,2019,127.109,36.508,대전충남,대전,호남지선,회덕,5.0
385,,2019,127.114,36.487,대전충남,공주,당진대전선,당진,7.0
386,,2019,127.114,36.487,대전충남,공주,당진대전선,대전,14.0
387,,2019,127.139,37.289,수도권,군포,영동선,서창,5.0
388,,2019,127.165,36.498,대전충남,공주,당진대전선,당진,4.0
389,,2019,127.165,36.498,대전충남,공주,당진대전선,대전,14.0
390,,2019,127.168,36.825,대전충남,천안,경부선,부산,4.0
391,,2019,127.186,37.269,강원,이천,영동선,서창,4.0
392,,2019,127.187,35.242,광주전남,담양,호남선,천안,3.0
393,,2019,127.19,35.366,광주전남,남원,광주대구선,광주,3.0
394,,2019,127.216,36.488,대전충남,공주,당진대전선,당진,4.0
395,,2019,127.217,36.76,대전충남,천안,경부선,부산,3.0
396,,2019,127.217,36.76,대전충남,천안,경부선,서울,4.0
397,,2019,127.235,37.248,강원,이천,영동선,강릉,7.0
398,,2019,127.235,37.248,강원,이천,영동선,서창,8.0
399,,2019,127.25,36.459,대전충남,공주,당진대전선,당진,10.0
400,,2019,127.25,36.459,대전충남,공주,당진대전선,대전,3.0
401,계룡산,2019,127.2520036,36.3472,,,,,6.0
402,,2019,127.256,36.735,대전충남,천안,경부선,서울,3.0
403,,2019,127.288,36.428,대전충남,공주,당진대전선,당진,4.0
404,,2019,127.288,36.428,대전충남,공주,당진대전선,대전,9.0
405,,2019,127.289,37.239,강원,이천,영동선,강릉,12.0
406,,2019,127.289,37.239,강원,이천,영동선,서창,4.0
407,,2019,127.289,37.439,수도권,경기광주,중부선,통영,3.0
408,,2019,127.309,36.726,대전충남,천안,경부선,부산,4.0
409,,2019,127.311,37.398,수도권,경기광주,중부선,통영,6.0
410,,2019,127.321,37.354,수도권,경기광주,중부선,통영,4.0
411,,2019,127.323,35.029,광주전남,순천,호남선,천안,3.0
412,,2019,127.342,37.252,강원,이천,영동선,강릉,3.0
413,,2019,127.347,37.315,수도권,경기광주,중부선,통영,7.0
414,,2019,127.351,35.341,광주전남,구례,순천완주선,순천,4.0
415,,2019,127.373,36.668,대전충남,천안,경부선,부산,4.0
416,,2019,127.384,36.625,대전충남,천안,경부선,부산,4.0
417,,2019,127.384,36.625,대전충남,천안,경부선,서울,3.0
418,,2019,127.385,37.283,수도권,경기광주,중부선,통영,10.0
419,,2019,127.385,37.283,수도권,경기광주,중부선,하남,3.0
420,,2019,127.386,37.283,수도권,경기광주,제2중부선,하남,4.0
421,,2019,127.393,37.24,강원,이천,영동선,강릉,3.0
422,,2019,127.393,37.24,강원,이천,영동선,서창,3.0
423,,2019,127.418,36.466,대전충남,대전,경부선,부산,3.0
424,,2019,127.421,37.249,수도권,경기광주,중부선,통영,7.0
425,,2019,127.422,36.278,대전충남,영동,대전남부순환선,서대전,3.0
426,,2019,127.423,36.595,대전충남,대전,경부선,부산,5.0
427,,2019,127.428,36.579,충북,진천,중부선,하남,3.0
428,,2019,127.429,36.507,대전충남,대전,경부선,부산,3.0
429,,2019,127.438,36.709,충북,진천,중부선,통영,3.0
430,,2019,127.443,36.947,충북,엄정,평택제천선,제천,3.0
431,,2019,127.446,37.237,강원,이천,영동선,강릉,11.0
432,,2019,127.446,37.237,강원,이천,영동선,서창,6.0
433,,2019,127.463,37.077,충북,진천,중부선,통영,3.0
434,,2019,127.475,36.991,충북,진천,중부선,하남,3.0
435,다도해해상,2019,127.4763244,34.46792173,,,,,5.0
436,지리산,2019,127.4766038,35.3852,,,,,4.0
437,,2019,127.479,36.546,충북,보은,청주상주선,상주,3.0
438,,2019,127.481,36.859,충북,진천,중부선,통영,3.0
439,지리산,2019,127.5005907,35.2982,,,,,30.0
440,,2019,127.501,37.245,강원,이천,영동선,강릉,8.0
441,,2019,127.518,36.105,전북,무주,중부선,통영,3.0
442,,2019,127.518,36.348,대전충남,대전,경부선,서울,3.0
443,지리산,2019,127.523318,35.3576,,,,,6.0
444,,2019,127.556,36.318,대전충남,영동,경부선,부산,3.0
445,지리산,2019,127.5668684,35.3637,,,,,7.0
446,,2019,127.582,37.27,강원,이천,중부내륙선,창원,3.0
447,,2019,127.603,36.295,대전충남,영동,경부선,서울,8.0
448,,2019,127.609,35.73,전북,무주,중부선,하남,4.0
449,,2019,127.613,37.188,충북,충주,중부내륙선,양평,3.0
450,지리산,2019,127.6366693,35.31619123,,,,,17.0
451,지리산,2019,127.6501834,35.2758,,,,,11.0
452,덕유산,2019,127.6941005,35.9619,,,,,1.0
453,지리산,2019,127.7521672,35.3129,,,,,1.0
454,덕유산,2019,127.7642246,35.88538897,,,,,2.0
455,덕유산,2019,127.7678166,35.9326,,,,,5.0
456,,2019,127.784,37.038,충북,충주,중부내륙선,창원,3.0
457,,2019,127.791,37.766,강원,홍천,중앙선,부산,3.0
458,다도해해상,2019,127.7920382,34.497,,,,,1.0
459,,2019,127.797,37.725,강원,홍천,중앙선,부산,9.0
460,,2019,127.831,37.316,강원,원주,영동선,강릉,3.0
461,,2019,127.836,36.456,충북,보은,청주상주선,상주,4.0
462,,2019,127.874,37.67,강원,홍천,중앙선,부산,6.0
463,속리산,2019,127.8789419,36.68945195,,,,,8.0
464,,2019,127.888,36.447,충북,보은,청주상주선,상주,4.0
465,,2019,127.894,37.383,강원,홍천,중앙선,부산,3.0
466,,2019,127.894,37.383,강원,홍천,중앙선,춘천,3.0
467,속리산,2019,127.9033749,36.7345,,,,,3.0
468,,2019,127.913,37.341,강원,홍천,중앙선,부산,7.0
469,,2019,127.913,37.341,강원,홍천,중앙선,춘천,8.0
470,,2019,127.932,36.216,대전충남,영동,경부선,서울,4.0
471,속리산,2019,127.9447163,36.6899,,,,,1.0
472,,2019,127.955,37.313,충북,제천,중앙선,춘천,3.0
473,,2019,127.959,37.497,강원,홍천,중앙선,춘천,5.0
474,,2019,127.973,37.573,강원,홍천,중앙선,부산,3.0
475,,2019,127.979,37.53,강원,홍천,중앙선,춘천,4.0
476,한려해상,2019,127.9811312,34.7326,,,,,1.0
477,,2019,128.036,37.445,강원,원주,영동선,서창,4.0
478,치악산,2019,128.0487569,37.4122,,,,,2.0
479,,2019,128.081,37.233,충북,제천,중앙선,부산,9.0
480,,2019,128.081,37.233,충북,제천,중앙선,춘천,9.0
481,월악산,2019,128.0850818,36.8423,,,,,7.0
482,치악산,2019,128.0879428,37.34761886,,,,,1.0
483,치악산,2019,128.1035585,37.3443,,,,,1.0
484,가야산,2019,128.1139481,35.7837,,,,,1.0
485,,2019,128.118,37.202,충북,제천,중앙선,부산,5.0
486,,2019,128.118,37.202,충북,제천,중앙선,춘천,4.0
487,,2019,128.128,35.129,부산경남,고성,중부선,통영,3.0
488,,2019,128.132,36.37,충북,보은,청주상주선,상주,7.0
489,,2019,128.132,36.37,충북,보은,청주상주선,청주,3.0
490,,2019,128.15,37.121,충북,제천,중앙선,부산,3.0
491,,2019,128.15,37.121,충북,제천,중앙선,춘천,4.0
492,,2019,128.17,37.084,충북,제천,중앙선,부산,3.0
493,,2019,128.17,37.084,충북,제천,중앙선,춘천,5.0
494,월악산,2019,128.1941913,36.9271,,,,,1.0
495,월악산,2019,128.2596559,36.87919161,,,,,3.0
496,,2019,128.294,37.005,충북,제천,중앙선,춘천,6.0
497,한려해상,2019,128.3618147,34.8261,,,,,1.0
498,설악산,2019,128.391064,38.101,,,,,2.0
499,,2019,128.398,36.399,대구경북,청송,당진영덕선,영덕,3.0
500,소백산,2019,128.421133,36.9076,,,,,13.0
501,설악산,2019,128.425986,38.217,,,,,2.0
502,소백산,2019,128.4548561,36.9007,,,,,8.0
503,오대산,2019,128.5043608,37.6945,,,,,1.0
504,소백산,2019,128.5149468,36.97639272,,,,,11.0
505,소백산,2019,128.5215325,36.9056,,,,,3.0
506,,2019,128.571,36.771,대구경북,영주,중앙선,부산,3.0
507,오대산,2019,128.5809816,37.7553,,,,,7.0
508,오대산,2019,128.5852584,37.77809511,,,,,10.0
509,한려해상,2019,128.6149938,34.7155,,,,,3.0
510,오대산,2019,128.6169457,37.7688,,,,,8.0
511,,2019,128.63,38.057,강원,양양,동해선,속초,3.0
512,한려해상,2019,128.6510741,34.7709,,,,,15.0
513,소백산,2019,128.6588821,37.0242,,,,,2.0
514,한려해상,2019,128.6746923,34.75226396,,,,,9.0
515,,2019,128.897,37.691,강원,강릉,동해선,속초,3.0
516,태백산,2019,128.9270511,37.11064251,,,,,35.0
517,,2019,129.034,36.054,대구경북,영천,대구포항선,대구,3.0
518,,2019,129.091,37.486,강원,강릉,동해선,근덕,3.0
519,,2019,129.13,36.494,대구경북,청송,당진영덕선,영덕,3.0
520,주왕산,2019,129.1797786,36.41166713,,,,,2.0
521,경주,2019,129.3485815,35.7816,,,,,3.0
522,경주,2019,129.3529929,35.8147,,,,,1.0
523,경주,2019,129.3555912,35.82057739,,,,,1.0
524,태안해안,2020,126.1598171,36.8189,,,,,4.0
525,태안해안,2020,126.3287751,36.5546,,,,,2.0
526,변산반도,2020,126.4672665,35.6389,,,,,1.0
527,,2020,126.5552914,36.38716078,전북,보령,서해안선,목포,5.0
528,,2020,126.5561056,36.64432477,대전충남,당진,서해안선,서울,4.0
529,,2020,126.5639501,36.73237025,대전충남,당진,서해안선,목포,3.0
530,,2020,126.5663638,36.77628719,대전충남,당진,서해안선,서울,4.0
531,,2020,126.5767558,36.42683592,전북,보령,서해안선,목포,3.0
532,,2020,126.5794765,36.55869543,전북,보령,서해안선,서울,3.0
533,변산반도,2020,126.582075,35.6470216,,,,,2.0
534,,2020,126.6184162,36.85091501,대전충남,당진,당진대전선,당진,3.0
535,,2020,126.6897475,36.78257846,대전충남,공주,당진대전선,당진,5.0
536,,2020,126.6897475,36.78257846,대전충남,공주,당진대전선,대전,3.0
537,,2020,126.7118658,36.89619104,대전충남,당진,서해안선,목포,3.0
538,,2020,126.7431944,36.07055256,전북,보령,서해안선,목포,3.0
539,,2020,126.7590962,36.7140194,대전충남,공주,당진대전선,당진,5.0
540,,2020,126.7592698,36.91897632,대전충남,당진,서해안선,서울,4.0
541,,2020,126.7663718,36.12754749,대전충남,대전,서천공주선,서천,5.0
542,,2020,126.7772633,36.21674456,대전충남,대전,서천공주선,서천,3.0
543,,2020,126.7980863,36.2578517,대전충남,대전,서천공주선,서천,3.0
544,,2020,126.7980863,36.2578517,대전충남,부여,서천공주선,공주,3.0
545,,2020,126.825385,36.64697595,대전충남,공주,당진대전선,당진,3.0
546,,2020,126.8384186,36.28728694,대전충남,대전,서천공주선,서천,3.0
547,내장산,2020,126.8553923,35.47090788,,,,,3.0
548,,2020,126.8805539,35.61883789,전북,전주,호남선,천안,3.0
549,내장산,2020,126.8855199,35.5113,,,,,1.0
550,다도해해상,2020,126.8941253,34.2025,,,,,1.0
551,,2020,126.9009977,36.59005306,대전충남,공주,당진대전선,당진,4.0
552,내장산,2020,126.9107078,35.5041,,,,,5.0
553,,2020,126.9134826,36.35325241,대전충남,대전,서천공주선,서천,3.0
554,내장산,2020,126.9187452,35.5007,,,,,4.0
555,,2020,126.95119,36.57359905,대전충남,공주,당진대전선,당진,3.0
556,,2020,126.9574134,37.37918532,수도권,동서울,서울외곽순환선,판교,3.0
557,무등산,2020,126.973189,35.1571,,,,,1.0
558,,2020,127.0121259,36.50495053,대전충남,공주,당진대전선,대전,3.0
559,,2020,127.0427432,35.84029013,전북,전주,호남선,순천,3.0
560,,2020,127.0585342,36.48478628,대전충남,공주,당진대전선,대전,6.0
561,,2020,127.0585342,36.48478628,대전충남,공주,당진대전선,당진,5.0
562,,2020,127.0650887,36.47368018,대전충남,대전,서천공주선,서천,8.0
563,,2020,127.1135605,36.48682968,대전충남,공주,당진대전선,당진,8.0
564,,2020,127.1135605,36.48682968,대전충남,공주,당진대전선,대전,3.0
565,,2020,127.1295409,36.11999838,전북,논산,호남지선,대전,5.0
566,,2020,127.1654894,36.49757058,대전충남,공주,당진대전선,대전,11.0
567,,2020,127.1654894,36.49757058,대전충남,공주,당진대전선,당진,6.0
568,,2020,127.1681066,36.8254311,대전충남,천안,경부선,부산,4.0
569,,2020,127.1681066,36.8254311,대전충남,천안,경부선,서울,3.0
570,,2020,127.2162696,36.48780468,대전충남,공주,당진대전선,당진,9.0
571,,2020,127.217288,36.76028949,대전충남,천안,경부선,부산,5.0
572,,2020,127.227249,37.50779378,수도권,경기광주,중부선,통영,6.0
573,,2020,127.2353995,37.24775218,강원,이천,영동선,서창,5.0
574,,2020,127.249511,37.4667647,수도권,경기광주,중부선,하남,3.0
575,,2020,127.2501974,36.45888886,대전충남,공주,당진대전선,당진,10.0
576,,2020,127.2501974,36.45888886,대전충남,공주,당진대전선,대전,3.0
577,계룡산,2020,127.2520036,36.3472,,,,,3.0
578,,2020,127.2525843,36.18836587,전북,논산,호남지선,논산,4.0
579,,2020,127.2883162,36.42787177,대전충남,공주,당진대전선,당진,5.0
580,,2020,127.2883162,36.42787177,대전충남,공주,당진대전선,대전,5.0
581,,2020,127.2891253,37.43892702,수도권,경기광주,중부선,통영,4.0
582,,2020,127.2891418,37.23903239,강원,이천,영동선,강릉,14.0
583,,2020,127.2891418,37.23903239,강원,이천,영동선,서창,7.0
584,,2020,127.3085103,36.72644825,대전충남,천안,경부선,부산,5.0
585,,2020,127.3109912,37.39826163,수도권,경기광주,제2중부선,하남,3.0
586,,2020,127.3149054,35.5473521,광주전남,구례,순천완주선,순천,4.0
587,,2020,127.3205395,37.3536425,수도권,경기광주,중부선,통영,9.0
588,,2020,127.3237419,35.37965981,광주전남,구례,순천완주선,완주,5.0
589,,2020,127.341751,37.25188916,강원,이천,영동선,강릉,6.0
590,,2020,127.347204,37.31495746,수도권,경기광주,중부선,통영,15.0
591,,2020,127.347204,37.31495746,수도권,경기광주,중부선,하남,3.0
592,,2020,127.3472754,37.31532541,수도권,경기광주,제2중부선,통영,4.0
593,,2020,127.3509745,35.34066554,광주전남,구례,순천완주선,순천,5.0
594,,2020,127.3727573,36.66848896,대전충남,천안,경부선,서울,4.0
595,,2020,127.3727573,36.66848896,대전충남,천안,경부선,부산,3.0
596,,2020,127.38492,37.28319266,수도권,경기광주,중부선,통영,12.0
597,,2020,127.38492,37.28319266,수도권,경기광주,중부선,하남,6.0
598,,2020,127.3854826,37.28299638,수도권,경기광주,제2중부선,통영,4.0
599,,2020,127.3855901,37.28305944,수도권,경기광주,제2중부선,통영,5.0
600,,2020,127.3924944,37.23998333,강원,이천,영동선,서창,3.0
601,,2020,127.4182949,36.42173577,대전충남,대전,경부선,부산,6.0
602,,2020,127.4202485,36.62226641,충북,진천,중부선,통영,3.0
603,,2020,127.4213701,37.24895728,수도권,경기광주,중부선,통영,7.0
604,,2020,127.4213701,37.24895728,수도권,경기광주,중부선,하남,6.0
605,,2020,127.4275565,36.37954895,대전충남,대전,경부선,서울,3.0
606,,2020,127.428891,36.50678565,대전충남,대전,경부선,서울,4.0
607,,2020,127.4400351,37.16308808,충북,진천,중부선,하남,4.0
608,,2020,127.4422137,37.20776473,충북,진천,중부선,하남,3.0
609,,2020,127.4448231,37.11851464,충북,진천,중부선,통영,4.0
610,,2020,127.4691291,36.745619,충북,진천,중부선,하남,3.0
611,,2020,127.469419,36.26860087,전북,무주,중부선,통영,3.0
612,,2020,127.474735,36.99133408,충북,진천,중부선,통영,5.0
613,,2020,127.474735,36.99133408,충북,진천,중부선,하남,4.0
614,,2020,127.4761971,36.90295427,충북,진천,중부선,통영,4.0
615,지리산,2020,127.4766038,35.3852,,,,,1.0
616,,2020,127.479322,36.54586033,충북,보은,청주상주선,상주,3.0
617,지리산,2020,127.5005907,35.2982,,,,,15.0
618,,2020,127.5073687,36.14637535,전북,무주,중부선,하남,3.0
619,,2020,127.5178612,36.10547829,전북,무주,중부선,통영,8.0
620,지리산,2020,127.523318,35.3576,,,,,2.0
621,,2020,127.5419668,37.34736707,강원,이천,중부내륙선,창원,4.0
622,,2020,127.5564176,36.31774985,대전충남,영동,경부선,서울,4.0
623,지리산,2020,127.5668684,35.3637,,,,,2.0
624,,2020,127.5774168,36.50889424,충북,보은,청주상주선,청주,3.0
625,,2020,127.58192,37.27041539,강원,이천,중부내륙선,양평,5.0
626,,2020,127.58192,37.27041539,강원,이천,중부내륙선,창원,4.0
627,,2020,127.591999,37.22667332,강원,이천,중부내륙선,양평,3.0
628,,2020,127.6029307,36.2948484,대전충남,영동,경부선,부산,5.0
629,,2020,127.6029307,36.2948484,대전충남,영동,경부선,서울,4.0
630,,2020,127.6043356,35.99423628,전북,무주,중부선,하남,3.0
631,,2020,127.6043356,35.99423628,전북,무주,중부선,통영,3.0
632,지리산,2020,127.6366693,35.31619123,,,,,2.0
633,지리산,2020,127.6501834,35.2758,,,,,9.0
634,,2020,127.659495,37.25375187,강원,원주,영동선,인천,3.0
635,덕유산,2020,127.6941005,35.9619,,,,,2.0
636,,2020,127.7146223,37.24914842,강원,원주,영동선,강릉,3.0
637,지리산,2020,127.7521672,35.3129,,,,,1.0
638,덕유산,2020,127.7642246,35.88538897,,,,,1.0
639,,2020,127.7801827,36.45529825,충북,보은,청주상주선,상주,5.0
640,,2020,127.7967581,37.72454322,강원,홍천,중앙선,부산,4.0
641,,2020,127.7967581,37.72454322,강원,홍천,중앙선,춘천,3.0
642,속리산,2020,127.8235942,36.4883,,,,,1.0
643,,2020,127.8359285,36.45562475,충북,보은,청주상주선,상주,7.0
644,,2020,127.8359285,36.45562475,충북,보은,청주상주선,상주,5.0
645,,2020,127.8531751,36.25403093,대전충남,영동,경부선,부산,3.0
646,속리산,2020,127.8733635,36.5897,,,,,2.0
647,,2020,127.8743817,37.67018364,강원,홍천,중앙선,부산,9.0
648,,2020,127.8743817,37.67018364,강원,홍천,중앙선,춘천,6.0
649,,2020,127.8809713,36.21975958,대전충남,영동,경부선,부산,3.0
650,,2020,127.8883615,36.44741086,충북,보은,청주상주선,상주,7.0
651,,2020,127.8938802,37.38295623,강원,홍천,중앙선,부산,4.0
652,속리산,2020,127.9033749,36.7345,,,,,1.0
653,,2020,127.9125914,37.34098708,강원,홍천,중앙선,부산,12.0
654,,2020,127.9125914,37.34098708,강원,홍천,중앙선,춘천,9.0
655,,2020,127.916969,37.41832587,강원,홍천,중앙선,부산,4.0
656,,2020,127.936538,37.45675982,강원,홍천,중앙선,부산,5.0
657,,2020,127.9552371,37.31322277,충북,제천,중앙선,춘천,6.0
658,,2020,127.9732079,37.57288407,강원,홍천,중앙선,부산,3.0
659,한려해상,2020,127.9811312,34.7326,,,,,1.0
660,치악산,2020,128.0487569,37.4122,,,,,1.0
661,,2020,128.0807089,37.23250758,충북,제천,중앙선,춘천,5.0
662,,2020,128.0823501,35.1122444,부산경남,진주,남해선,부산,3.0
663,월악산,2020,128.0850818,36.8423,,,,,3.0
664,치악산,2020,128.1035585,37.3443,,,,,2.0
665,,2020,128.1182106,37.20204558,충북,제천,중앙선,부산,5.0
666,,2020,128.1182106,37.20204558,충북,제천,중앙선,춘천,4.0
667,,2020,128.127351,37.16116765,충북,제천,중앙선,부산,4.0
668,,2020,128.127351,37.16116765,충북,제천,중앙선,춘천,3.0
669,,2020,128.1320701,36.36991838,충북,보은,청주상주선,상주,10.0
670,,2020,128.1320701,36.36991838,충북,보은,청주상주선,청주,5.0
671,,2020,128.1495986,37.12122317,충북,제천,중앙선,부산,8.0
672,,2020,128.1698621,37.08378056,충북,제천,중앙선,부산,11.0
673,,2020,128.1698621,37.08378056,충북,제천,중앙선,춘천,3.0
674,,2020,128.2059482,37.05124758,충북,제천,중앙선,부산,4.0
675,,2020,128.2059482,37.05124758,충북,제천,중앙선,춘천,4.0
676,월악산,2020,128.2596559,36.87919161,,,,,1.0
677,한려해상,2020,128.3618147,34.8261,,,,,3.0
678,설악산,2020,128.391064,38.101,,,,,5.0
679,소백산,2020,128.421133,36.9076,,,,,6.0
680,설악산,2020,128.425986,38.217,,,,,1.0
681,,2020,128.4296797,37.60719163,강원,대관령,영동선,인천,3.0
682,소백산,2020,128.4548561,36.9007,,,,,4.0
683,,2020,128.4744032,35.27140042,부산경남,창원,남해제1지선,산인,3.0
684,오대산,2020,128.5043608,37.6945,,,,,1.0
685,설악산,2020,128.50549,38.1711,,,,,1.0
686,소백산,2020,128.5149468,36.97639272,,,,,5.0
687,,2020,128.5755127,36.72708471,대구경북,영주,중앙선,춘천,4.0
688,오대산,2020,128.5809816,37.7553,,,,,2.0
689,오대산,2020,128.5852584,37.77809511,,,,,1.0
690,오대산,2020,128.6169457,37.7688,,,,,2.0
691,,2020,128.6178161,36.4786835,대구경북,영주,중앙선,부산,3.0
692,한려해상,2020,128.6510741,34.7709,,,,,3.0
693,소백산,2020,128.6588821,37.0242,,,,,3.0
694,한려해상,2020,128.6668004,34.8178,,,,,1.0
695,한려해상,2020,128.6746923,34.75226396,,,,,19.0
696,,2020,128.6767718,37.68172555,강원,대관령,영동선,인천,4.0
697,,2020,128.8219773,36.42194292,대구경북,청송,당진영덕선,영덕,4.0
698,,2020,128.8477373,35.98051263,대구경북,영천,대구포항선,대구,3.0
699,,2020,128.8826171,36.01521806,대구경북,영천,대구포항선,대구,4.0
700,,2020,128.8971321,37.69083783,강원,강릉,동해선,속초,5.0
701,,2020,129.1011208,35.28664685,부산경남,서울산,경부선,서울,3.0
702,경주,2020,129.3529929,35.8147,,,,,1.0
703,다도해해상,2021,125.4187399,34.6692,,,,,3.0
704,태안해안,2021,126.3287751,36.5546,,,,,1.0
705,,2021,126.4391644,35.0158235,광주전남,함평,무안광주선,광주,4.0
706,,2021,126.4719396,34.8496291,광주전남,함평,서해안선,목포,3.0
707,,2021,126.4796394,35.0649544,광주전남,함평,서해안선,목포,4.0
708,,2021,126.481287,35.1099659,광주전남,함평,서해안선,목포,3.0
709,,2021,126.481287,35.1099659,광주전남,함평,서해안선,서울,5.0
710,,2021,126.4892992,35.0207604,광주전남,함평,서해안선,서울,4.0
711,,2021,126.4896234,35.030325,광주전남,함평,무안광주선,광주,4.0
712,,2021,126.4957519,34.9761177,광주전남,함평,서해안선,서울,4.0
713,,2021,126.5436837,35.2732961,광주전남,함평,서해안선,서울,3.0
714,,2021,126.5547572,36.688381,대전충남,당진,서해안선,서울,6.0
715,,2021,126.5552914,36.3871607,전북,보령,서해안선,목포,4.0
716,,2021,126.5639501,36.7323702,대전충남,당진,서해안선,목포,3.0
717,,2021,126.5662366,36.7762619,대전충남,당진,서해안선,목포,3.0
718,,2021,126.5662366,36.7762619,대전충남,당진,서해안선,서울,6.0
719,변산반도,2021,126.5669846,35.6765,,,,,1.0
720,,2021,126.569913,36.2267079,전북,보령,서해안선,목포,4.0
721,,2021,126.5767559,36.4268359,전북,보령,서해안선,목포,3.0
722,,2021,126.5794765,36.5586954,전북,보령,서해안선,목포,3.0
723,,2021,126.5794765,36.5586954,전북,보령,서해안선,서울,3.0
724,변산반도,2021,126.5970999,35.6598,,,,,1.0
725,,2021,126.6208259,36.1478478,전북,보령,서해안선,목포,4.0
726,변산반도,2021,126.6321019,35.6374,,,,,1.0
727,월출산,2021,126.653929,34.757,,,,,2.0
728,,2021,126.6874541,35.0984857,광주전남,함평,무안광주선,광주,4.0
729,,2021,126.6874541,35.0984857,광주전남,함평,무안광주선,무안,7.0
730,,2021,126.6897475,36.7825784,대전충남,당진,당진대전선,대전,5.0
731,,2021,126.7343378,35.1199527,광주전남,함평,무안광주선,무안,3.0
732,,2021,126.7431945,36.0705525,전북,보령,서해안선,목포,4.0
733,,2021,126.7591522,36.919073,대전충남,당진,서해안선,목포,6.0
734,,2021,126.7772633,36.2167446,전북,부여,서천공주선,공주,5.0
735,,2021,126.7980863,36.2578517,전북,부여,서천공주선,공주,3.0
736,,2021,126.8492325,37.4398798,수도권,시흥,제2경인선,안양,3.0
737,내장산,2021,126.9107078,35.5041,,,,,1.0
738,,2021,126.9134826,36.3532524,전북,부여,서천공주선,공주,3.0
739,내장산,2021,126.9179253,35.4874,,,,,2.0
740,,2021,126.9574134,37.3791853,수도권,동서울,수도권제1순환선,판교,3.0
741,무등산,2021,126.980779,35.15085986,,,,,1.0
742,,2021,126.9895716,36.5450241,대전충남,공주,당진대전선,당진,3.0
743,,2021,127.0096347,37.3903004,수도권,동서울,수도권제1순환선,일산,4.0
744,,2021,127.0585342,36.4847862,대전충남,공주,당진대전선,당진,3.0
745,,2021,127.1369875,35.3629986,광주전남,남원,광주대구선,광주,3.0
746,,2021,127.1420652,37.6138233,수도권,동서울,수도권제1순환선,판교,3.0
747,,2021,127.1654894,36.4975705,대전충남,공주,당진대전선,대전,3.0
748,,2021,127.1681066,36.8254311,대전충남,천안,경부선,부산,5.0
749,,2021,127.1747598,36.7820643,대전충남,천안,경부선,부산,3.0
750,,2021,127.2162697,36.4878046,대전충남,공주,당진대전선,대전,4.0
751,,2021,127.23533,37.2477833,강원,이천,영동선,인천,3.0
752,,2021,127.2375483,36.9817443,충북,엄정,평택제천선,평택,6.0
753,,2021,127.244546,35.1753033,광주전남,순천,호남선,순천,3.0
754,계룡산,2021,127.2520036,36.3472,,,,,3.0
755,,2021,127.2563955,36.7345899,대전충남,천안,경부선,부산,5.0
756,,2021,127.2563955,36.7345899,대전충남,천안,경부선,서울,3.0
757,,2021,127.274989,36.2269574,전북,논산,호남지선,논산,4.0
758,,2021,127.2883162,36.4278717,대전충남,공주,당진대전선,당진,3.0
759,,2021,127.2891253,37.438927,수도권,경기광주,중부선,하남,5.0
760,,2021,127.289384,35.3936382,광주전남,남원,광주대구선,광주,3.0
761,,2021,127.3085103,36.7264483,대전충남,천안,경부선,부산,4.0
762,,2021,127.31392,36.2991,대전충남,대전,호남지선,회덕,3.0
763,,2021,127.3160565,36.2940785,대전충남,영동,대전남부순환선,산내,3.0
764,,2021,127.3203725,36.393598,대전충남,공주,당진대전선,대전,4.0
765,,2021,127.3205395,37.3536425,수도권,경기광주,중부선,통영,3.0
766,,2021,127.3472224,36.7044544,대전충남,천안,경부선,부산,3.0
767,,2021,127.3472754,37.3153254,수도권,경기광주,제2중부선,하남,3.0
768,,2021,127.3700006,36.2856573,대전충남,영동,대전남부순환선,서대전,4.0
769,,2021,127.3727573,36.668489,대전충남,천안,경부선,부산,4.0
770,,2021,127.3836864,36.6253599,대전충남,천안,경부선,부산,6.0
771,,2021,127.3849201,37.2831926,수도권,경기광주,중부선,통영,3.0
772,,2021,127.3849201,37.2831926,수도권,경기광주,중부선,하남,3.0
773,,2021,127.3855901,37.2830594,수도권,경기광주,제2중부선,통영,5.0
774,,2021,127.4183421,36.4657563,대전충남,대전,경부선,부산,5.0
775,,2021,127.4202485,36.6222664,충북,진천,중부선,하남,4.0
776,,2021,127.4213702,37.2489572,수도권,경기광주,중부선,하남,3.0
777,,2021,127.4240858,36.666547,충북,진천,중부선,통영,4.0
778,,2021,127.4275565,36.379549,대전충남,대전,경부선,부산,3.0
779,,2021,127.4306527,36.5647448,충북,보은,청주상주선,상주,3.0
780,,2021,127.4375391,36.7088023,충북,진천,중부선,하남,5.0
781,,2021,127.4422137,37.2077647,충북,진천,중부선,통영,5.0
782,,2021,127.4625306,37.0774519,충북,진천,중부선,하남,4.0
783,,2021,127.4663024,36.3496295,대전충남,대전,경부선,서울,3.0
784,,2021,127.4714058,36.9476101,충북,진천,중부선,통영,5.0
785,지리산,2021,127.4766038,35.3852,,,,,5.0
786,,2021,127.479322,36.5458603,충북,보은,청주상주선,상주,3.0
787,,2021,127.4801145,37.035401,충북,진천,중부선,통영,3.0
788,,2021,127.4801145,37.035401,충북,진천,중부선,하남,6.0
789,지리산,2021,127.5005907,35.2982,,,,,4.0
790,,2021,127.5066813,36.7782731,충북,진천,중부선,하남,3.0
791,지리산,2021,127.523318,35.3576,,,,,3.0
792,,2021,127.5283704,34.9903282,광주전남,순천,남해선,순천,3.0
793,,2021,127.5412771,37.3480828,강원,이천,중부내륙선,양평,3.0
794,,2021,127.5564176,36.3177499,대전충남,영동,경부선,부산,3.0
795,지리산,2021,127.5850394,35.2572,,,,,9.0
796,,2021,127.6029307,36.2948484,대전충남,영동,경부선,부산,3.0
797,지리산,2021,127.6366693,35.31619123,,,,,5.0
798,,2021,127.6379344,35.8031469,전북,무주,중부선,통영,3.0
799,지리산,2021,127.6501834,35.2758,,,,,2.0
800,,2021,127.6965106,35.543314,광주전남,남원,광주대구선,대구,3.0
801,덕유산,2021,127.7369697,35.9182,,,,,2.0
802,덕유산,2021,127.7642246,35.88538897,,,,,1.0
803,덕유산,2021,127.7678166,35.9326,,,,,3.0
804,,2021,127.7716686,37.8022068,강원,홍천,중앙선,춘천,3.0
805,,2021,127.7779955,37.8387689,강원,홍천,중앙선,부산,3.0
806,,2021,127.7779955,37.8387689,강원,홍천,중앙선,춘천,4.0
807,,2021,127.7909967,37.7664292,강원,홍천,중앙선,부산,3.0
808,,2021,127.7909967,37.7664292,강원,홍천,중앙선,춘천,4.0
809,,2021,127.7918926,37.0363053,충북,엄정,평택제천선,제천,3.0
810,덕유산,2021,127.7956418,35.9633,,,,,2.0
811,속리산,2021,127.8235942,36.4883,,,,,1.0
812,속리산,2021,127.8733635,36.5897,,,,,1.0
813,,2021,127.8743817,37.6701836,강원,홍천,중앙선,부산,3.0
814,속리산,2021,127.8789419,36.68945195,,,,,1.0
815,,2021,127.8809713,36.2197596,대전충남,영동,경부선,서울,4.0
816,,2021,127.8883615,36.4474108,충북,보은,청주상주선,상주,3.0
817,,2021,127.9125914,37.340987,강원,홍천,중앙선,부산,8.0
818,,2021,127.9125914,37.340987,강원,홍천,중앙선,춘천,6.0
819,,2021,127.916969,37.4183258,강원,홍천,중앙선,춘천,6.0
820,,2021,127.9193938,37.646758,강원,홍천,중앙선,부산,3.0
821,,2021,127.9563302,37.6134811,강원,홍천,중앙선,부산,3.0
822,,2021,127.9732079,37.572884,강원,홍천,중앙선,부산,4.0
823,,2021,127.9732079,37.572884,강원,홍천,중앙선,춘천,3.0
824,월악산,2021,128.0850818,36.8423,,,,,2.0
825,치악산,2021,128.1035585,37.3443,,,,,6.0
826,,2021,128.1371004,37.7885332,강원,양양,서울양양선,양양,3.0
827,,2021,128.2059482,37.0512475,충북,제천,중앙선,부산,4.0
828,월악산,2021,128.2596559,36.87919161,,,,,1.0
829,,2021,128.2941624,37.0048542,충북,제천,중앙선,춘천,3.0
830,한려해상,2021,128.3618147,34.8261,,,,,10.0
831,,2021,128.3813689,34.9752193,부산경남,고성,중부선,통영,3.0
832,설악산,2021,128.391064,38.101,,,,,9.0
833,설악산,2021,128.4153535,38.13378028,,,,,2.0
834,소백산,2021,128.421133,36.9076,,,,,9.0
835,설악산,2021,128.425986,38.217,,,,,5.0
836,설악산,2021,128.446255,38.2127,,,,,5.0
837,소백산,2021,128.4548561,36.9007,,,,,1.0
838,설악산,2021,128.50549,38.1711,,,,,1.0
839,소백산,2021,128.5149468,36.97639272,,,,,3.0
840,소백산,2021,128.5215325,36.9056,,,,,16.0
841,한려해상,2021,128.5303025,34.7601,,,,,4.0
842,,2021,128.54378,36.8098916,대구경북,영주,중앙선,춘천,3.0
843,오대산,2021,128.5809816,37.7553,,,,,8.0
844,오대산,2021,128.5852584,37.77809511,,,,,3.0
845,소백산,2021,128.5883513,37.0135,,,,,1.0
846,,2021,128.6084357,36.4335624,대구경북,청송,당진영덕선,영덕,3.0
847,,2021,128.6091613,35.2610778,부산경남,창원,남해제1지선,산인,4.0
848,한려해상,2021,128.6149938,34.7155,,,,,1.0
849,오대산,2021,128.6169457,37.7688,,,,,4.0
850,,2021,128.6178162,36.4786835,대구경북,영주,중앙선,부산,5.0
851,한려해상,2021,128.6510741,34.7709,,,,,14.0
852,한려해상,2021,128.6668004,34.8178,,,,,1.0
853,한려해상,2021,128.6746923,34.75226396,,,,,16.0
854,,2021,128.8971321,37.6908378,강원,강릉,동해선,속초,3.0
855,태백산,2021,128.9270511,37.11064251,,,,,1.0
856,,2021,129.0907032,37.4862924,강원,강릉,동해선,속초,3.0
857,다도해해상,2022,125.4187399,34.6692,,,,,2.0
858,다도해해상,2022,125.8953789,34.7519,,,,,1.0
859,다도해해상,2022,126.1611309,34.3645,,,,,3.0
860,태안해안,2022,126.3287751,36.5546,,,,,2.0
861,,2022,126.4796394,35.06495443,광주전남,함평,서해안선,목포,3.0
862,,2022,126.4829252,35.15494396,광주전남,함평,서해안선,서울,4.0
863,,2022,126.4896234,35.03032502,광주전남,함평,무안광주선,무안,4.0
864,,2022,126.5399563,35.04682455,광주전남,함평,무안광주선,무안,3.0
865,,2022,126.5547572,36.688381,대전충남,당진,서해안선,서울,3.0
866,,2022,126.5877008,35.06678093,광주전남,함평,무안광주선,무안,4.0
867,변산반도,2022,126.5970999,35.6598,,,,,1.0
868,,2022,126.6208259,36.14784775,전북,보령,서해안선,서울,3.0
869,,2022,126.646671,36.10898749,전북,보령,서해안선,서울,3.0
870,,2022,126.6534305,36.81626191,대전충남,당진,당진대전선,대전,3.0
871,월출산,2022,126.653929,34.757,,,,,4.0
872,,2022,126.6566442,35.42328638,전북,부안,서해안선,서울,3.0
873,,2022,126.6736746,35.46608388,전북,부안,서해안선,목포,3.0
874,,2022,126.6874541,35.0984857,광주전남,함평,무안광주선,무안,5.0
875,,2022,126.7343378,35.11995266,광주전남,함평,무안광주선,무안,4.0
876,,2022,126.7591522,36.91907304,대전충남,당진,서해안선,서울,3.0
877,,2022,126.7966235,37.42861052,수도권,시흥,제2경인선,안양,3.0
878,,2022,126.7974413,37.45570348,수도권,시흥,수도권제1순환선,판교,4.0
879,,2022,126.825385,36.64697591,대전충남,공주,당진대전선,대전,5.0
880,,2022,126.828963,37.41908589,수도권,시흥,수도권제1순환선,판교,3.0
881,내장산,2022,126.8461131,35.4476,,,,,1.0
882,,2022,126.8551808,36.95813112,대전충남,당진,서해안선,목포,4.0
883,내장산,2022,126.8553923,35.47090788,,,,,1.0
884,,2022,126.8558042,37.38097843,수도권,시흥,수도권제1순환선,일산,3.0
885,내장산,2022,126.9107078,35.5041,,,,,1.0
886,내장산,2022,126.9187452,35.5007,,,,,3.0
887,,2022,126.9574134,37.37918528,수도권,동서울,수도권제1순환선,판교,4.0
888,무등산,2022,126.973189,35.1571,,,,,5.0
889,,2022,127.0013392,36.40765114,대전충남,부여,서천공주선,서천,4.0
890,,2022,127.023669,35.79845501,전북,전주,호남선,천안,3.0
891,,2022,127.0306515,36.44453615,대전충남,부여,서천공주선,서천,4.0
892,,2022,127.1032033,37.38131932,수도권,수원,경부선,부산,3.0
893,,2022,127.1393044,35.26162353,광주전남,담양,호남선,순천,3.0
894,,2022,127.1644793,36.15337118,전북,논산,호남지선,논산,5.0
895,,2022,127.1654894,36.49757054,대전충남,공주,당진대전선,당진,6.0
896,,2022,127.1681066,36.8254311,대전충남,천안,경부선,부산,3.0
897,,2022,127.1866601,36.86733004,대전충남,천안,경부선,부산,3.0
898,,2022,127.1867518,35.8616768,전북,진안,순천완주선,순천,3.0
899,,2022,127.1897231,35.36635794,광주전남,남원,광주대구선,광주,3.0
900,,2022,127.2148303,36.1588182,전북,논산,호남지선,논산,3.0
901,,2022,127.217288,36.7602895,대전충남,천안,경부선,부산,4.0
902,,2022,127.2197934,35.86611375,전북,진안,익산장수선,장수,3.0
903,계룡산,2022,127.2203616,36.35454305,,,,,1.0
904,,2022,127.2501974,36.45888882,대전충남,공주,당진대전선,당진,5.0
905,,2022,127.2501974,36.45888882,대전충남,공주,당진대전선,대전,3.0
906,,2022,127.2799286,35.05398465,광주전남,순천,호남선,순천,3.0
907,,2022,127.288285,36.97198525,충북,엄정,평택제천선,제천,3.0
908,,2022,127.2883162,36.42787173,대전충남,공주,당진대전선,대전,7.0
909,,2022,127.2883162,36.42787173,대전충남,공주,당진대전선,당진,5.0
910,,2022,127.2891253,37.43892698,수도권,경기광주,중부선,하남,4.0
911,,2022,127.2921401,36.2669873,전북,논산,호남지선,논산,5.0
912,,2022,127.2921401,36.2669873,전북,논산,호남지선,대전,3.0
913,,2022,127.31392,36.29909996,대전충남,대전,호남지선,논산,3.0
914,,2022,127.31392,36.29909996,대전충남,대전,호남지선,회덕,3.0
915,,2022,127.3160565,36.29407848,대전충남,영동,대전남부순환선,산내,3.0
916,,2022,127.3188678,36.34065836,대전충남,대전,호남지선,논산,3.0
917,,2022,127.3225054,35.02851072,광주전남,순천,호남선,천안,4.0
918,,2022,127.3358398,35.4147937,광주전남,남원,광주대구선,대구,3.0
919,,2022,127.3472041,37.31495742,수도권,경기광주,중부선,통영,4.0
920,,2022,127.3700006,36.28565727,대전충남,영동,대전남부순환선,서대전,4.0
921,,2022,127.3836864,36.62535986,대전충남,천안,경부선,부산,4.0
922,,2022,127.3849201,37.28319262,수도권,경기광주,중부선,하남,3.0
923,,2022,127.3946104,36.96917182,충북,엄정,평택제천선,제천,3.0
924,,2022,127.4183421,36.4657563,대전충남,대전,경부선,부산,3.0
925,,2022,127.4202485,36.62226637,충북,진천,중부선,통영,9.0
926,,2022,127.4202485,36.62226637,충북,진천,중부선,하남,4.0
927,,2022,127.4231656,36.59470447,대전충남,대전,경부선,서울,4.0
928,,2022,127.4240858,36.666547,충북,진천,중부선,통영,3.0
929,,2022,127.4275038,36.57914957,충북,진천,중부선,통영,5.0
930,,2022,127.4275565,36.37954895,대전충남,대전,경부선,부산,4.0
931,,2022,127.428891,36.50678565,대전충남,대전,경부선,부산,5.0
932,,2022,127.4306527,36.56474484,충북,보은,청주상주선,청주,4.0
933,,2022,127.4358331,35.44407521,광주전남,남원,광주대구선,광주,3.0
934,,2022,127.4375391,36.70880232,충북,진천,중부선,통영,5.0
935,,2022,127.4400352,37.16308804,충북,진천,중부선,통영,3.0
936,,2022,127.4422137,37.20776468,충북,진천,중부선,하남,4.0
937,,2022,127.4422137,37.20776468,충북,진천,중부선,통영,3.0
938,,2022,127.4426183,36.9473256,충북,엄정,평택제천선,제천,3.0
939,,2022,127.4426183,36.9473256,충북,엄정,평택제천선,평택,3.0
940,,2022,127.4625306,37.07745194,충북,진천,중부선,통영,4.0
941,,2022,127.4663024,36.34962947,대전충남,대전,경부선,서울,3.0
942,,2022,127.4691292,36.74561896,충북,진천,중부선,통영,3.0
943,,2022,127.4714058,36.9476101,충북,진천,중부선,통영,7.0
944,,2022,127.474735,36.99133404,충북,진천,중부선,하남,4.0
945,다도해해상,2022,127.4763244,34.46792173,,,,,3.0
946,지리산,2022,127.4766038,35.3852,,,,,5.0
947,,2022,127.48117,36.8593107,충북,진천,중부선,하남,5.0
948,,2022,127.4910263,36.81738099,충북,진천,중부선,하남,6.0
949,지리산,2022,127.5005907,35.2982,,,,,6.0
950,,2022,127.5066813,36.77827315,충북,진천,중부선,통영,4.0
951,,2022,127.5066813,36.77827315,충북,진천,중부선,하남,3.0
952,,2022,127.5506555,36.95473654,충북,엄정,평택제천선,제천,3.0
953,,2022,127.5564176,36.31774985,대전충남,영동,경부선,부산,3.0
954,,2022,127.5774168,36.5088942,충북,보은,청주상주선,청주,3.0
955,지리산,2022,127.5850394,35.2572,,,,,4.0
956,지리산,2022,127.6366693,35.31619123,,,,,1.0
957,,2022,127.6498785,35.97307729,전북,무주,중부선,통영,3.0
958,지리산,2022,127.6501834,35.2758,,,,,3.0
959,,2022,127.6690088,34.97673035,광주전남,순천,남해선,부산,3.0
960,,2022,127.6965106,35.54331396,광주전남,남원,광주대구선,대구,3.0
961,,2022,127.7146223,37.24914838,강원,원주,영동선,인천,3.0
962,덕유산,2022,127.7369697,35.9182,,,,,2.0
963,덕유산,2022,127.7678166,35.9326,,,,,3.0
964,,2022,127.7716686,37.80220681,강원,홍천,중앙선,부산,4.0
965,,2022,127.7779955,37.83876894,강원,홍천,중앙선,춘천,6.0
966,,2022,127.7967582,37.72454318,강원,홍천,중앙선,부산,3.0
967,,2022,127.7967582,37.72454318,강원,홍천,중앙선,춘천,3.0
968,지리산,2022,127.8005354,35.3603,,,,,1.0
969,속리산,2022,127.8235942,36.4883,,,,,2.0
970,속리산,2022,127.8338308,36.6777,,,,,2.0
971,,2022,127.8714305,37.3461271,강원,원주,영동선,강릉,4.0
972,,2022,127.8743817,37.6701836,강원,홍천,중앙선,부산,4.0
973,,2022,127.9125914,37.34098704,강원,홍천,중앙선,부산,13.0
974,,2022,127.9125914,37.34098704,강원,홍천,중앙선,춘천,7.0
975,,2022,127.931716,36.21621999,대전충남,영동,경부선,서울,3.0
976,,2022,127.9481384,37.40120957,강원,원주,영동선,인천,3.0
977,,2022,127.9732079,37.57288403,강원,홍천,중앙선,부산,4.0
978,,2022,127.9787662,37.52998812,강원,홍천,중앙선,부산,3.0
979,,2022,127.9932382,37.07592453,충북,엄정,평택제천선,평택,4.0
980,,2022,128.0360124,37.44539209,강원,원주,영동선,강릉,3.0
981,,2022,128.0420868,35.08554152,부산경남,진주,남해선,부산,3.0
982,치악산,2022,128.0487569,37.4122,,,,,2.0
983,,2022,128.0807089,37.23250754,충북,제천,중앙선,부산,4.0
984,,2022,128.0807089,37.23250754,충북,제천,중앙선,춘천,4.0
985,월악산,2022,128.0850818,36.8423,,,,,10.0
986,치악산,2022,128.1035585,37.3443,,,,,2.0
987,,2022,128.1495986,37.12122313,충북,제천,중앙선,춘천,3.0
988,,2022,128.155756,37.47547139,강원,원주,영동선,인천,3.0
989,,2022,128.1698621,37.08378052,충북,제천,중앙선,춘천,5.0
990,,2022,128.2052831,37.49256431,강원,대관령,영동선,강릉,3.0
991,,2022,128.250337,37.51607231,강원,대관령,영동선,인천,3.0
992,,2022,128.258328,37.03734287,충북,제천,중앙선,춘천,4.0
993,월악산,2022,128.2596559,36.87919161,,,,,2.0
994,,2022,128.3338959,36.9277543,충북,제천,중앙선,춘천,3.0
995,한려해상,2022,128.3618147,34.8261,,,,,1.0
996,설악산,2022,128.391064,38.101,,,,,1.0
997,소백산,2022,128.421133,36.9076,,,,,4.0
998,설악산,2022,128.425986,38.217,,,,,4.0
999,,2022,128.4387041,36.90126846,대구경북,영주,중앙선,춘천,3.0
1000,설악산,2022,128.446255,38.2127,,,,,1.0
1001,소백산,2022,128.4548561,36.9007,,,,,2.0
1002,,2022,128.4996875,35.28170874,부산경남,창원,남해선,순천,3.0
1003,설악산,2022,128.50549,38.1711,,,,,3.0
1004,소백산,2022,128.5215325,36.9056,,,,,9.0
1005,설악산,2022,128.5299131,38.179,,,,,2.0
1006,한려해상,2022,128.5303025,34.7601,,,,,12.0
1007,,2022,128.5714513,36.60963803,대구경북,영주,중앙선,부산,3.0
1008,소백산,2022,128.5883513,37.0135,,,,,2.0
1009,한려해상,2022,128.6149938,34.7155,,,,,1.0
1010,오대산,2022,128.6169457,37.7688,,,,,2.0
1011,한려해상,2022,128.6510741,34.7709,,,,,2.0
1012,소백산,2022,128.6588821,37.0242,,,,,1.0
1013,한려해상,2022,128.6746923,34.75226396,,,,,7.0
1014,,2022,128.7965065,37.75493092,강원,대관령,영동선,인천,4.0
1015,,2022,128.8238867,37.80291629,강원,강릉,동해선,속초,4.0
1016,,2022,128.8971321,37.69083783,강원,강릉,동해선,속초,3.0
1017,태백산,2022,128.958275,37.1258,,,,,2.0
1018,,2022,129.073631,35.43939439,부산경남,서울산,경부선,서울,3.0
1019,,2022,129.0955466,37.53076573,강원,강릉,동해선,근덕,3.0
1020,경주,2022,129.3485815,35.7816,,,,,1.0
1021,월출산,2023,126.653929,34.757,,,,,3.0
1022,내장산,2023,126.9107078,35.5041,,,,,4.0
1023,내장산,2023,126.9187452,35.5007,,,,,4.0
1024,무등산,2023,126.973189,35.1571,,,,,4.0
1025,지리산,2023,127.6501834,35.2758,,,,,2.0
1026,덕유산,2023,127.7369697,35.9182,,,,,1.0
1027,지리산,2023,127.7521672,35.3129,,,,,20.0
1028,덕유산,2023,127.7678166,35.9326,,,,,1.0
1029,지리산,2023,127.8005354,35.3603,,,,,5.0
1030,지리산,2023,127.8031586,35.3037,,,,,8.0
1031,속리산,2023,127.8235942,36.4883,,,,,2.0
1032,속리산,2023,127.8338308,36.6777,,,,,1.0
1033,한려해상,2023,127.8731543,34.9352,,,,,3.0
1034,속리산,2023,127.8746136,36.5033,,,,,9.0
1035,속리산,2023,127.9033749,36.7345,,,,,2.0
1036,월악산,2023,128.0850818,36.8423,,,,,3.0
1037,설악산,2023,128.391064,38.101,,,,,3.0
1038,설악산,2023,128.425986,38.217,,,,,3.0
1039,설악산,2023,128.446255,38.2127,,,,,6.0
1040,소백산,2023,128.4548561,36.9007,,,,,1.0
1041,설악산,2023,128.5299131,38.179,,,,,1.0
1042,오대산,2023,128.5809816,37.7553,,,,,9.0
1043,오대산,2023,128.6169457,37.7688,,,,,15.0
1044,태백산,2023,128.958275,37.1258,,,,,1.0
