번호,주소,차선_수,관리기관,생태통로유형,설치기관,설치년도,위도,경도
1001,서울특별시 구로구 궁동,6,서울특별시 구로구,육교형,서울특별시,2001,37.50649166666667,126.83098888888888
1002,부산광역시 금정구 회동동 산4-1,2,부산광역시 금정구,육교형,부산광역시,2009,35.25168055555555,129.14091944444445
1004,부산광역시 기장군 철마면 웅천리,2,부산광역시 기장군,육교형,부산광역시,2007,35.30577777777778,129.172
1005,부산광역시 기장군 정관면 예림리,4,부산광역시 기장군,터널형,부산광역시,2007,35.32966666666667,129.20330555555554
1006,부산광역시 사하구 하단동,7,부산광역시 낙동강관리본부,육교형,부산광역시 낙동강관리본부,2012,35.1088462,128.9412414
1007,부산광역시 북구 만덕동 산89-2,1,부산광역시 북구,육교형,부산광역시 북구,2011,35.21134722222222,129.05164166666668
1008,인천광역시 서구 공촌동,8,인천광역시,육교형,인천광역시,2009,37.54665277777777,126.70959444444445
1009,인천광역시 서구 가좌동,6,인천광역시,육교형,인천광역시,2012,37.50303611111111,126.69027777777778
1010,광주광역시 광산구 지정동,4,광주광역시 종합건설본부,육교형,광주광역시 종합건설본부,2012,35.14388888888889,126.72777777777777
1011,대전광역시 동구 용운동,4,대전광역시 동구,터널형,대전광역시,2005,36.340833333333336,127.45944444444444
1012,대전광역시 동구 가양동,4,대전광역시 동구,터널형,대전광역시,2008,36.34805555555556,127.46055555555556
1013,대전광역시 중구 침산동,4,대전광역시 중구,육교형,대전광역시 중구,2007,36.28338888888889,127.38731944444446
1014,울산광역시 남구 두왕동,4,울산광역시,육교형,부산지방국토관리청,2007,35.50361111111111,129.295
1015,울산광역시 울주군 삼동면 조일리,2,울산광역시 울주군,육교형,울산광역시,2012,35.49527777777778,129.11166666666665
1016,울산광역시 울주군 웅천면 통천리,2,울산광역시,터널형,울산광역시,2014,35.47516666666667,129.24633333333335
1017,경기도 광주시 직동,2,경기도 광주시,육교형,경기도 광주시,2005,37.39625,127.19619444444444
1018,경기도 광주시 오포읍 능평리,4,경기도 광주시,육교형,경기도 건설본부,2002,37.35169444444445,127.16988888888889
1019,경기도 광주시 중대동 ,2,경기도 광주시,육교형,경기도 광주시,2006,37.396,127.23516666666667
1021,경기도 남양주시 수동면 외방리,2,경기도 남양주시,육교형,경기도 남양주시,2003,37.73471388888889,127.30279722222222
1022,경기도 남양주시 와부읍 도곡리,2,경기도 남양주시,육교형,경기도 남양주시,1997,37.59024166666667,127.23427222222222
1023,경기도 성남시 중원구 갈현동 103-5 일원,2,경기도 성남시,육교형,경기도 성남시,2008,37.709999999999994,127.32083333333333
1024,경기도 성남시 중원구 도촌동 441-4 일원,4,경기도 성남시,육교형,경기도 성남시,2001,37.69972222222222,127.24277777777777
1026,경기도 시흥시 광석동 산24-9,6,경기도 시흥시,육교형,경기도 시흥시,2005,37.38388888888889,126.81166666666667
1027,경기도 시흥시 장곡동 산84-3,6,경기도 시흥시,육교형,경기도 시흥시,2010,37.37777777777778,126.7725
1028,경기도 경기도 양주시 광적면 우고리,2,경기도 양주시,육교형,경기도 양주시,2006,37.82916666666667,126.94036111111112
1029,경기도 양주시 어둔동,2,경기도 양주시,육교형,경기도 양주시,2012,37.782,127.0213888888889
1030,경기도 양평군 양서면 목왕리,2,경기도 양평군,육교형,경기도 양평군,2007,37.57244444444445,127.49805555555557
1031,경기도 여주시 현암리,4,경기도 여주시,터널형,경기도 여주시,2004,37.31426666666666,127.6313611111111
1032,경기도 용인시 처인구 삼가동,4,경기도 용인시,육교형,경기도,2002,37.22522222222222,127.16312222222223
1033,경기도 용인시 처인구 양지면 주북리,2,경기도 용인시,육교형,경기도 용인시,2004,37.260283333333334,127.23802222222223
1034,경기도 용인시 처인구 원삼면 두창리 산2-6,2,경기도 용인시,육교형,경기도,2009,37.14984444444445,127.35460555555555
1035,경기도 용인시 처인구 원삼면 사암리,2,경기도 용인시,육교형,경기도 용인시,2004,37.18708611111111,127.29629444444444
1036,경기도 의왕시 내손동 산142번지,2,경기도 의왕시,육교형,경기도 의왕시,2007,37.37525,126.99088888888889
1040,경기도 파주시 파주읍 봉서리,4,경기도 파주시,육교형,경기도 파주시,2006,37.85027777777778,126.79527777777777
1041,경기도 파주시 광탄면 신산리,2,경기도 파주시,육교형,경기도 파주시,2007,37.778888888888886,126.85388888888889
1042,경기도 파주시 아동동,4,경기도 파주시,육교형,경기도 파주시,2006,37.76083333333333,126.78083333333333
1043,경기도 파주시 아동동,4,경기도 파주시,육교형,경기도 파주시,2006,37.75694444444444,126.79027777777777
1044,경기도 파주시 적성면 답곡리,2,경기도 파주시,육교형,경기도 파주시,2009,37.94777777777777,126.86805555555554
1045,경기도 평택시 장안동,4,경기도 평택시,육교형,경기도 평택시,2000,37.06780833333334,127.09171666666666
1046,경기도 평택시 지산동 ,4,경기도 평택시,육교형,경기도 평택시,2006,37.07868333333334,127.09182777777777
1047,경기도 포천시 일동면 기산리,2,경기도 포천시,육교형,한국도로공사,2009,37.92833333333333,127.33805555555556
1048,경기도 하남시 광암동,4,경기도 하남시,육교형,경기도 하남시,2006,37.52185,127.17735
1049,경기도 화성시 서신면 상안리,4,경기도 화성시,육교형,경기도,2007,37.19443055555555,126.71869722222222
1051,경기도 고양시 일산동구 중산동,2,경기도 고양시,육교형,LH공사,2008,37.68413888888889,126.78738888888888
1052,경기도 광명시 노온사동,6,경기도 광명시,육교형,LH공사,2010,37.453363888888894,126.85687222222222
1053,경기도 광명시 노온사동 ,2,경기도 광명시,육교형,경기도 광명시,2011,37.453361111111114,126.85682777777777
1054,경기도 의왕시 월암동,7,경기남부도로(주),육교형,경기도,2013,37.317233333333334,126.96638888888889
1055,경기도 의왕시 고천동 ,7,경기남부도로(주),육교형,경기도,2013,37.33661111111111,126.97317222222222
1056,경기도 수원시 영통구 이의동,4,경기도 수원시,육교형,경기도로공사,2012,37.30555555555555,127.04427777777778
1057,경기도 수원시 영통구 이의동,6,경기도 수원시,육교형,경기도로공사,2012,37.294555555555554,127.03566666666667
1058,경기도 수원시 영통구 이의동,8,경기도 수원시,육교형,경기도로공사,2012,37.28897222222222,127.0423888888889
1059,경기도 수원시 영통구 이의동,4,경기도 수원시,육교형,경기도로공사,2012,37.282694444444445,127.05108333333332
1060,경기도 수원시 영통구 이의동,8,경기도 수원시,육교형,경기도로공사,2012,37.282555555555554,127.05280555555555
1061,경기도 수원시 영통구 하동,6,경기도 수원시,육교형,경기도로공사,2012,37.29080555555555,127.06344444444444
1062,경기도 수원시 영통구 하동,4,경기도 수원시,육교형,경기도로공사,2012,37.28805555555555,127.06644444444444
1063,경기도 수원시 영통구 이의동,16,경기도 수원시,육교형,경기도로공사,2012,37.29661111111111,127.05875
1064,경기도 수원시 영통구 하동,1,경기도 수원시,육교형,경기도로공사,2012,37.28275,127.06902777777778
1065,경기도 수원시 영통구 하동,8,경기도 수원시,육교형,경기도로공사,2012,37.28208333333333,127.07152777777777
1066,강원도 홍천군 서면 개야리,2,강원도 도로관리사업소,육교형,강원도,2007,37.690777777777775,127.63430555555556
1067,강원도 강릉시 왕산면 왕산리,2,강원도 로로관리사업소 강릉지소,육교형,강원도,2005,37.620194444444444,128.77269444444445
1068,강원도 삼척시 하장면 번천리,2,강원도 도로관리사업소 태백지소,터널형,강원도,2004,37.38341111111111,129.00935555555554
1069,강원도 홍천군 북방면 굴지리,2,강원도 홍천군,육교형,강원도 홍천군,2007,37.690777777777775,127.63430555555556
1070,강원도 고성군 토성면 원암리,4,강원도 고성군,육교형,강원도 고성군,2009,38.21638888888889,128.50444444444443
1071,강원도 화천군 하남면 서오지리,2,강원도 도로관리사업소 북부지소,터널형,강원도 도로관리사업소 북부지소,2011,38.061102777777776,127.64420277777778
1072,충청북도 청주시 청원구 율량동,6,충청북도 청주시,육교형,충청북도 청주시,1999,36.65293055555556,127.51277777777777
1073,충청북도 괴산군 사리면 사담리,2,충청북도 괴산군,육교형,충청북도,2006,36.82661111111111,127.65994444444445
1074,충청북도 괴산군 사리면 이곡리,2,충청북도 도로관리사업소,터널형,충청북도,2009,36.779444444444444,127.71472222222222
1075,충청북도 보은군 마로면 갈전리,2,충청북도 보은군,육교형,충청북도,2008,36.37170286547052,127.84237613624569
1076,충청북도 보은군 탄부면 평각리,1,충청북도 보은군,육교형,충청북도,2004,36.460110018417964,127.7587517579364
1077,충청북도 청원군 강내면 궁현리,2,충청북도 청주시,육교형,충청북도 청원군,2009,36.57472222222223,127.3786111111111
1078,충청북도 청원군 강내면 연정리,2,충청북도 청주시,육교형,충청북도 청원군,2009,36.57277777777778,127.38138888888888
1079,충청북도 청원군 남일면 신송리,2,충청북도 청주시,육교형,충청북도,2005,36.57333333333334,127.48555555555555
1080,충청북도 청원군 남일면 황청리,2,충청북도 청주시,육교형,충청북도,2001,36.60166666666667,127.54944444444445
1081,충청북도 청원군 미원면 운용리,2,충청북도 청주시,육교형,충청북도,2009,36.672986042055996,127.66779220369072
1082,충청북도 청주시 서원구 성화동 1076,4,충청북도 청주시,육교형,LH공사,2011,36.611608333333336,127.44994166666667
1083,충청북도 청주시 서원구 성화동 658,4,충청북도 청주시,육교형,LH공사,2010,36.61477222222222,127.45666944444444
1084,충청북도 청주시 서원구 수곡동 214-30,2,충청북도 청주시,육교형,충청북도 청주시,2009,36.61425555555556,127.48108888888889
1085,충청북도 괴산군 괴산읍 동부리,2,충청북도 괴산군,육교형,충청북도,2008,36.81455555555555,127.71061111111112
1086,충청북도 단양군 대강면 방곡리,2,충청북도 단양군,육교형,충청북도,2009,36.80899722222222,128.355075
1087,충청북도 청주시 청원구 오창읍 구룡리,4,충청북도 청주시,육교형,충청북도,2001,36.717222222222226,127.41777777777779
1088,충청북도 청주시 청원구 오창읍 양청리,4,충청북도 청주시,육교형,충청북도,2001,36.71222222222222,127.42527777777778
1089,충청북도 청주시 청원구 오창읍 각리,6,충청북도 청주시,육교형,충청북도,2001,36.71277777777778,127.42055555555557
1090,충청북도 청원군 오창읍 각리,6,충청북도 도로관리사업소,육교형,충청북도,2001,36.71336111111111,127.42200000000001
1091,충청북도 청주시 청원구 오창읍 여천리,2,충청북도 청주시,육교형,충청북도,2001,36.7675,127.47333333333333
1092,충청남도 천안시 유량동,2,충청남도 천안시,육교형,충청남도,2003,36.81536388888889,127.18457777777778
1093,충청남도 천안시 서북구 불당동,4,충청남도 천안시,육교형,충청남도,2004,36.810563888888886,127.11495
1094,충청남도 천안시 불당동,4,충청남도 천안시,육교형,충청남도,2004,36.806733333333334,127.11349999999999
1095,충청남도 천안시 용곡동,4,충청남도 천안시,육교형,충청남도,2005,36.79198888888889,127.13581388888889
1096,충청남도 천안시 부대동,6,충청남도 천안시,터널형,충청남도,2006,36.84687777777778,127.16730000000001
1097,충청남도 천안시 풍세면 남관리,4,충청남도 천안시,육교형,충청남도,2008,36.758405555555555,127.08360277777777
1098,충청남도 천안시 청당동,6,충청남도 천안시,육교형,LH공사,2009,36.77599722222222,127.14241111111112
1099,충청남도 천안시 청당동,6,충청남도 천안시,육교형,LH공사,2009,36.7801,127.15375
1100,충청남도 천안시 청당동,6,충청남도 천안시,터널형,LH공사,2009,36.7801,127.15375
1101,충청남도 천안시 청당동,4,충청남도 천안시,터널형,LH공사,2009,36.7801,127.15375
1102,충청남도 아산시 배방읍 장재리,6,충청남도 아산시,육교형,LH공사,0,36.791805555555555,127.09424444444444
1103,충청남도 아산시 배방읍 장재리,5,충청남도 아산시,육교형,LH공사,0,36.78858333333333,127.10220277777778
1104,충청남도 서산시 지곡면 무장리,4,충청남도 서산시,터널형,충청남도,2005,36.86575,126.44391666666667
1105,충청남도 서산시 지곡면 무장리,4,충청남도 서산시,터널형,충청남도,2005,36.86397222222222,126.44619444444444
1106,충청남도 당진시 석문면 초락도리,2,충청남도 종합건설사업소 홍성지소,육교형,충청남도 종합건설사업소,2007,36.98581544573062,126.51433413558546
1107,충청남도 금산군 금성면 두곡리,2,충청남도 금산군,육교형,충청남도 금산군,2007,36.148741666666666,127.463825
1108,충청남도 부여군 규암면 금암-신성,2,충청남도 부여군,육교형,충청남도 부여군,2011,36.28236666666667,126.90678611111112
1109,충청남도 청양군 장평면 적곡리,2,충청남도,육교형,충청남도,2004,36.396388888888886,126.90464722222222
1110,충청남도 태안군 안면읍 승언리,2,충청남도 태안군,육교형,충청남도 태안군,2002,36.51569444444444,126.33166666666666
1111,충청남도 태안군 원북면 신두리,2,충청남도 태안군,육교형,충청남도 태안군,2005,36.84123883224634,126.20555940972349
1112,전라북도 익산시 함라면 금성리,2,전라북도 도로관리사업소,육교형,전라북도,2009,36.06723055555556,126.91178888888889
1113,전라북도 장수군 장수읍 송천리,2,전라북도 도로관리사업소,육교형,전라북도,2003,35.626111111111115,127.49241111111111
1114,전라북도 무주군 부남면 장안리,2,전라북도 도로관리사업소,육교형,전라북도,2000,35.881008333333334,127.59748055555555
1115,전라북도 임실군 관촌면 슬치리,2,전라북도 도로관리사업소,육교형,전라북도,2002,35.68975,127.24071666666667
1116,전라북도 장수군 계북면 농소리,2,전라북도 도로관리사업소,육교형,전라북도,2006,35.76175277777778,127.63351111111112
1117,전라북도 장수군 번암면 노단리,2,전라북도 도로관리사업소,터널형,전라북도,2005,35.528108333333336,127.56304444444444
1118,전라북도 순창군 풍산면 죽곡리,2,전라북도 순창군,육교형,전라북도 순창군,2006,35.358650000000004,127.11914999999999
1119,전라북도 장수군 번암면 지지리,2,전라북도 도로관리사업소,육교형,전라북도,2008,35.64243147842755,127.61665828174921
1120,전라북도 정읍시 덕천면 우덕리,4,전라북도 도로관리사업소,육교형,전라북도,2010,35.62965,126.83669444444443
1121,전라북도 고창군 고창읍 월곡리,4,전라북도 도로관리사업소,육교형,전라북도,2004,35.44293333333333,126.70909444444445
1122,전라북도 군산시 소룡동,6,전라북도 군산시,육교형,전라북도 군산시,2009,35.96729722222222,126.68846388888889
1123,전라북도 순창군 순창읍 백산리,4,전라북도 순창군,육교형,전라북도 순창군,2005,35.358586111111116,127.1187861111111
1124,전라북도 순창군 팔덕면 구룡리,4,전라북도 순창군,육교형,전라북도 순창군,2006,35.391669444444446,127.11393888888888
1125,전라북도 순창군 팔덕면 구룡리,4,전라북도 순창군,육교형,전라북도 순창군,2007,35.383808333333334,127.1086
1126,전라북도 순창군 팔덕면 월곡리,4,전라북도 순창군,육교형,전라북도 순창군,2007,35.42091388888888,127.10164444444443
1127,전라북도 순창군 팔덕면 월곡리,4,전라북도 순창군,육교형,전라북도 순창군,2007,35.42104722222222,127.09804166666666
1128,전라북도 고창군 고창읍 월곡리,4,전라북도 고창군,육교형,전라북도,2003,35.44293333333333,126.70909444444445
1129,전라북도 고창군 아산면 주진리,4,전라북도 고창군,터널형,전라북도,2013,35.44295833333333,126.61339444444444
1130,전라북도 고창군 아산면 학전리,4,전라북도 고창군,터널형,전라북도,2013,35.442816666666666,126.61153333333333
1131,전라남도 목포시 옥암동,8,전라남도 목포시,육교형,전라남도 목포시,2007,34.81055555555555,126.44222222222223
1132,전라남도 여수시 웅천동,6,전라남도 여수시,육교형,전라남도 여수시,2007,34.754305555555554,127.67514444444446
1133,전라남도 광양시 광양읍 우산리,4,전라남도 광양시,육교형,전라남도 광양시,2012,34.98638888888889,127.58555555555554
1134,전라남도 구례군 신학리,2,전라남도 구례군,육교형,전라남도,2002,35.31814225241983,127.42619991408273
1135,전라남도 구례군 산동면 둔사리,2,전라남도 구례군,육교형,전라남도,2002,35.305144444444444,127.3951138888889
1137,전라남도 보성군 율어면 선암리,2,전라남도 보성군,육교형,전라남도 보성군,2012,34.846405555555556,127.22584444444445
1138,전라남도 함평군 학교면 마산리,4,한국도로공사,터널형,한국도로공사,2007,35.06678333333333,126.58746666666666
1139,전라남도 영광군 영광읍 학정리,4,전라남도 영광군,육교형,전라남도 영광군,2010,35.26508333333334,126.51013888888889
1142,전라남도 장성군 삼계면 수옥리,2,전라남도,육교형,국토교통부,2007,35.282725,126.69340833333334
1143,경상북도 문경시 가은읍 작천리,2,경상북도 문경시,육교형,경상북도 문경시,2001,36.65083333333333,128.03693611111112
1144,경상북도 김천시 구성면 마산리,2,경상북도 종합건설사업소,육교형,경상북도,2005,36.06736314869205,127.95483755721096
1145,경상북도 상주시 화북면 중벌리,2,경상북도 상주시,육교형,경상북도 상주시,2005,36.58583333333333,127.88166666666666
1146,경상북도 봉화군 춘양면 우구치리,2,경상북도 종합건설사업소 북부지소,육교형,경상북도,2005,37.038976642400556,128.79734812895106
1147,경상북도 경주시 현곡면 나원리,2,경상북도 종합건설사업소,육교형,경상북도,2006,35.88527777777778,129.20555555555555
1148,경상북도 예천군 상리면 명봉리,2,경상북도 종합건설사업소 북부지소,육교형,경상북도,2007,36.773997834497784,128.36475826289487
1149,경상북도 군위군 산성면 운산리,2,경상북도 군위군,육교형,경상북도 군위군,2010,36.111221723162245,128.67807935714626
1154,경상남도 창원시 진해구 원포동,2,경상남도 창원시,터널형,경상남도 창원시,2007,35.10066944444445,128.69634722222222
1155,경상남도 창원시 의창구 두대동,4,경상남도 창원시,육교형,경상남도 창원시,2008,35.23671388888889,128.65533333333335
1156,경상남도 창원시 성산구 귀현동,6,경상남도 창원시,육교형,경상남도 창원시,2005,35.19030833333333,128.62275277777778
1157,경상남도 창원시 성산구 천선동,2,경상남도 창원시,육교형,경상남도 창원시,2000,35.16861111111111,128.69972222222222
1158,경상남도 창원시 마산합포구 현동,6,경상남도 창원시,육교형,경상남도 창원시,2013,35.148716666666665,128.55680833333335
1159,경상남도 밀양시 단장면 구천리,2,경상남도 밀양시,육교형,경상남도 밀양시,2009,35.55715,128.93941944444444
1160,경상남도 밀양시 산내면 남명리,2,경상남도 밀양시,육교형,경상남도 밀양시,2009,35.56205277777777,128.94295833333334
1161,경상남도 의령군 낙서면 전화리,2,경상남도 의령군,육교형,경상남도 의령군,2006,35.387458333333335,128.20285833333332
1162,경상남도 의령군 대의면 신전리,2,경상남도 도로관리사업소,육교형,경상남도 의령군,2008,35.49353888888889,128.37746388888888
1163,경상남도 고성군 마암면 보전리,2,경상남도 고성군,육교형,경상남도,2007,35.031425,128.36902222222224
1164,경상남도 고성군 구만면 주평리,2,경상남도 고성군,육교형,경상남도,2010,35.10141388888889,128.35904722222222
1165,경상남도 남해군 설천면 문의리,2,경상남도 남해군,육교형,경상남도 남해군,2004,34.939166666666665,127.90666666666667
1166,경상남도 남해군 남면 임포리,2,경상남도 남해군,육교형,경상남도 남해군,2008,34.74527777777778,127.88944444444445
1167,경상남도 거창군 위천면 강천리산,1,경상남도 남해군,육교형,경상남도 남해군,2008,35.76310106520161,127.81240021365849
1168,제주특별자치도 서귀포시 남원읍 신례리,4,제주특별자치도,터널형,제주지방국토관리청,2000,33.324986111111116,126.59906944444444
1169,제주특별자치도 제주시 애월읍 하귀리,4,제주특별자치도,터널형,제주지방국토관리청,2000,33.473533333333336,126.40963611111111
1170,제주특별자치도 제주시 애월읍 봉성리,4,제주특별자치도,터널형,제주특별자치도,2002,33.35273333333333,126.35954166666666
1171,제주특별자치도 제주시 애월읍 봉성리,4,제주특별자치도,터널형,제주특별자치도,2002,33.36777222222222,126.36814166666666
1172,제주특별자치도 제주시 애월읍 소길리,4,제주특별자치도,터널형,제주특별자치도,2002,33.428916666666666,126.41333333333334
1173,제주특별자치도 제주시 애월읍 광령리,4,제주특별자치도,터널형,제주지방국토관리청,2002,33.47253888888889,126.42530000000001
1174,제주특별자치도 서귀포시 안덕면 서광리,4,제주특별자치도,터널형,제주특별자치도,2004,33.27364722222222,126.30334166666667
1175,제주특별자치도 서귀포시 대정읍 안성리,4,제주특별자치도,터널형,제주특별자치도,2004,33.258783333333334,126.28866944444444
1176,제주특별자치도 제주시 애월읍 광령리,2,제주특별자치도,터널형,제주지방국토관리청,2006,33.36538888888889,126.46744722222222
1177,제주특별자치도 제주시 애월읍 광령리,2,제주특별자치도,터널형,제주지방국토관리청,2006,33.36538888888889,126.46744722222222
1178,제주특별자치도 서귀포시 중문동,2,제주특별자치도,터널형,제주지방국토관리청,2006,33.35127777777778,126.46150277777778
1179,제주특별자치도 제주시 애월읍 광령리,2,제주특별자치도,터널형,제주지방국토관리청,2006,33.372102777777776,126.47169166666667
1180,제주특별자치도 제주시 516로 2596,2,제주특별자치도,터널형,국토교통부,2008,33.42916666666667,126.59866666666666
1181,강원도 양양군 서면 갈천리,4,환경부 원주지방환경청,육교형,환경부,2000,37.8801921336503,128.51427445040804
1182,전라남도 구례군 광의면 방광리,2,국립공원관리공단,육교형,환경부,1998,35.301288888888884,127.49693888888889
1183,충청북도 제천시 수안보면 미륵리,2,국립공원관리공단,터널형,월악산국립공원사무소,2006,36.824000000000005,128.0866388888889
1184,전라북도 남원시 산내면 덕동리,2,전라북도 남원시,터널형,환경부,2011,35.35055555555556,127.53388888888888
1185,전라북도 남원시 주천면 고기리,2,전라북도 남원시,터널형,환경부,2011,35.36688888888889,127.5123611111111
1186,경상북도 문경시 가은읍 완장리,2,경상북도 문경시,터널형,환경부,2012,36.68936111111111,127.95152777777778
1189,전라남도 화순군 이양면 이양리 156-4,4,광주국토관리사무소,육교형,익산지방국토관리청,2010,34.885955493281365,126.99342093152185
1190,전라남도 완도군 군외면 신학리 산51-12,4,광주국토관리사무소,육교형,익산지방국토관리청,2012,34.38196797215617,126.66053700396265
1191,전라남도 해남군 현산면 월송리 산2-6,4,광주국토관리사무소,육교형,익산지방국토관리청,2012,34.41711438215554,126.59810704392203
1192,전라북도 익산시 왕궁면 용화리 산1-44,4,전주국토관리사무소,육교형,익산지방국토관리청,2004,36.013866666666665,127.08312777777778
1193,전라북도 군산시 성산면 고봉리 산32-1,4,전주국토관리사무소,터널형,익산지방국토관리청,2006,35.980538888888894,126.80158888888889
1194,전라북도 군산시 임피면 축산리 산44-9,4,전주국토관리사무소,터널형,익산지방국토관리청,2006,35.99523888888889,126.85620277777777
1195,전라북도 군산시 임피면 축산리 산96-7,4,전주국토관리사무소,터널형,익산지방국토관리청,2006,35.99650277777778,126.85021111111111
1196,전라북도 정읍시 태인면 오봉리 66-1,4,전주국토관리사무소,터널형,익산지방국토관리청,2009,35.66000555555556,126.941225
1197,전라북도 완주군 고산면 남봉리 산44-1,4,전주국토관리사무소,터널형,익산지방국토관리청,2006,35.965672222222224,127.1940388888889
1198,전라북도 완주군 고산면 서봉리 73,4,전주국토관리사무소,터널형,익산지방국토관리청,2006,35.982866666666666,127.21069722222222
1199,전라남도 곡성군 오산면 단사리,2,국토교통부,터널형,국토교통부,2005,35.22111944444445,127.12934999999999
1200,전라북도 익산시 여산면 두여리 산1-1,4,전주국토관리사무소,육교형,익산지방국토관리청,2004,36.07208333333334,127.09000833333333
1201,전라북도 무주군 무풍면 삼거리,2,익산지방국토관리청,터널형,국토교통부,2005,35.881077777777776,127.81541388888888
1202,전라북도 무주군 설천면 두길리,2,익산지방국토관리청,터널형,국토교통부,2005,35.96581388888889,127.784825
1203,전라북도 무주군 설천면 심곡리,2,익산지방국토관리청,터널형,국토교통부,2005,35.885355555555556,127.74868888888889
1204,전라남도 곡성군 오산면 선세리,2,전라남도 도로관리사업소,터널형,국토교통부,2005,35.20224166666667,127.12953055555555
1205,전라남도 곡성군 오산면 선세리,2,국토교통부,터널형,국토교통부,2005,35.21194166666667,127.12868611111111
1206,전라북도 임실군 덕치면 장암리 1020,4,남원국토관리사무소,육교형,익산지방국토관리청,2012,35.462425,127.14918611111112
1207,전라북도 완주군 소양면 신교리 14-2,4,전주국토관리사무소,양서 파충류 통로,전주국토관리사무소,2008,35.85362777777778,127.220375
1208,전라북도 김제시 백구면 월봉리 83-2,4,전주국토관리사무소,양서 파충류 통로,전주국토관리사무소,2010,35.88216388888889,126.95263611111112
1209,전라북도 진안군 부귀면 신정리 산257,4,전주국토관리사무소,육교형,전주국토관리사무소,2013,35.813561111111106,127.34572222222222
1210,전라북도 진안군 진안읍 정곡리 산227,4,전주국토관리사무소,육교형,전주국토관리사무소,2013,35.782583333333335,127.41390833333334
1211,전라북도 장수군 장계면 명덕리 산154-89,2,남원국토관리사무소,육교형,남원국토관리사무소,2002,35.722596763473895,127.65998390674359
1212,전라북도 남원시 이백면 양가리 산55-25,2,남원국토관리사무소,육교형,남원국토관리사무소,2003,35.44875,127.48597222222223
1213,전라북도 무주군 무풍면 금평리 산161-6,2,남원국토관리사무소,육교형,남원국토관리사무소,2003,35.94013888888889,127.90155555555556
1214,전라북도 순창군 구림면 운북리 산59-1,2,남원국토관리사무소,터널형,남원국토관리사무소,2005,35.33986111111111,127.0411111111111
1215,전라북도 순창군 구림면 운북리 산59-1,2,남원국토관리사무소,터널형,남원국토관리사무소,2005,35.47405555555556,127.04122222222222
1216,전라북도 순창군 구림면 운북리 산59-1,2,남원국토관리사무소,터널형,남원국토관리사무소,2005,35.474222222222224,127.04077777777778
1217,전라북도 남원시 주천면 용담리,4,남원국토관리사무소,육교형,남원국토관리사무소,2007,35.41144444444444,127.41683333333334
1218,전라북도 남원시 주천면 용담리 ,4,남원국토관리사무소,터널형,남원국토관리사무소,2007,35.41891666666666,127.417
1219,전라북도 순창군 쌍치면 방산리 484-10,2,남원국토관리사무소,터널형,남원국토관리사무소,2005,35.52455555555555,126.94250000000001
1220,전라북도 순창군 쌍치면 방산리 484-8,2,남원국토관리사무소,터널형,남원국토관리사무소,2005,35.52580555555556,126.94269444444444
1221,전라북도 남원시 운봉읍 화수리,2,남원국토관리사무소,터널형,남원국토관리사무소,2013,35.451600999570424,127.55665644011904
1222,전라남도 고흥군 풍양면 상림리 산147-2,4,순천국토관리사무소,터널형,국토교통부,2015,34.970647222222226,127.42274444444445
1223,전라남도 고흥군 점암면 사정리 산231-3,4,순천국토관리사무소,육교형,국토교통부,2005,34.673072008378234,127.36586218199223
1224,전라남도 구례군 토지면 송정리 590-2,2,순천국토관리사무소,터널형,국토교통부,2006,35.19211111111111,127.55663888888888
1225,전라남도 구례군 마산면 용두리 497,2,순천국토관리사무소,터널형,국토교통부,2009,35.203269444444445,127.50343611111111
1226,전라남도 구례군 용방면 죽정리 산24-14,4,순천국토관리사무소,육교형,국토교통부,2011,35.27711388888889,127.41643888888889
1227,전라남도 구례군 토지면 파도리 1094,2,순천국토관리사무소,터널형,국토교통부,2011,35.19255277777778,127.54139166666667
1228,전라남도 구례군 마산면 갑산리 828,4,순천국토관리사무소,터널형,국토교통부,2012,35.22369166666667,127.46721666666667
1229,전라남도 구례군 광의면 대산리 654-2,4,순천국토관리사무소,터널형,국토교통부,2011,35.24068333333334,127.44758055555556
1230,경기도 여주군 대신면 천남리,4,서울지방국토관리청,육교형,서울지방국토관리청,2007,37.329525000000004,127.63138888888888
1231,경기도 여주군 현암동,4,서울지방국토관리청,육교형,서울지방국토관리청,2007,37.32234444444445,127.63104722222222
1232,경기도 안성시 삼죽면 진촌리,4,수원국토관리사무소,터널형,서울지방국토관리청,1997,37.065174999999996,127.37352777777777
1233,경기도 여주시 매룡동,4,서울지방국토관리청,육교형,서울지방국토관리청,1999,37.28096388888889,127.65763055555556
1234,경기도 화성시 매송면 송라리,4,수원국토관리사무소,터널형,서울지방국토관리청,2002,37.2713,126.90664444444445
1235,경기도 화성시 매송면 숙곡리,4,수원국토관리사무소,터널형,서울지방국토관리청,2002,37.26201944444445,126.90283333333333
1236,경기도 가평군 북면 도대리,2,경기도 도로사업소,터널형,국토교통부,2005,37.991480555555555,127.44118611111111
1237,경기도 가평군 북면 도대리,2,경기도 도로사업소,터널형,국토교통부,2007,37.94188888888888,127.48855555555555
1238,경기도 가평군 북면 적목리,2,경기도 도로사업소,터널형,국토교통부,2005,38.01410833333333,127.44198611111112
1239,경기도 가평군 북면 적목리,2,경기도 도로사업소,터널형,국토교통부,2005,38.0175,127.44255555555556
1240,경기도 가평군 북면 적목리,2,경기도 도로사업소,터널형,국토교통부,2005,38.02122222222222,127.44266666666667
1241,경기도 가평군 북면 적목리 ,2,경기도 도로사업소,터널형,국토교통부,2007,38.02491666666666,127.44316666666667
1242,경기도 가평군 북면 적목리,2,경기도 도로사업소,터널형,국토교통부,2005,38.03322222222222,127.44402777777778
1243,경기도 가평군 북면 적목리,2,경기도 도로사업소,터널형,국토교통부,2005,38.03641666666667,127.44458333333334
1244,경기도 가평군 북면 적목2리,2,경기도 도로사업소,터널형,국토교통부,2007,38.03894444444444,127.44694444444445
1245,경기도 가평군 북면 적목리,2,경기도 도로사업소,터널형,국토교통부,2006,38.04011111111111,127.44944444444445
1246,경기도 양주시 장흥면 울대리,4,경기도 도로사업소,터널형,의정부국토관리사무소,2005,37.725,126.99075
1247,경기도 양평군 청운면 갈운리,2,경기도 양평군,터널형,서울지방국토관리청,1987,37.53229722222222,127.8013111111111
1248,경기도 화성시 팔탄면 가재리,4,경기도,양서 파충류 통로,서울지방국토관리청,2005,37.15258055555555,126.91713055555556
1249,경기도 파주시 장단면 도라산리 501,4,의정부국토관리사무소,육교형,서울지방국토관리청,2003,37.90138888888889,126.69916666666667
1250,경기도 가평군 상면 덕현리 731,4,의정부국토관리사무소,육교형,서울지방국토관리청,2010,37.75611111111111,127.41111111111111
1251,경기도 양평군 옥천면 신복리 산134-1,2,의정부국토관리사무소,터널형,서울지방국토관리청,1992,37.56047777777778,127.46872777777779
1252,경기도 양평군 옥천면 신복리,2,의정부국토관리사무소,터널형,서울지방국토관리청,1992,37.55993333333333,127.4677638888889
1253,경기도 가평군 청평면 상천리 134-4,4,의정부국토관리사무소,터널형,서울지방국토관리청,1981,37.78794444444444,127.46513888888889
1254,경기도 가평군 청평면 상천리 산93-2,4,의정부국토관리사무소,터널형,서울지방국토관리청,1981,37.77011111111111,127.45580555555556
1255,경기도 포천시 이동면 도평리 503-7(도평교),2,의정부국토관리사무소,육교형,서울지방국토관리청,1992,38.09236111111111,127.394
1256,경기도 포천시 이동면 도평리 산371-1(약사교 하부),2,의정부국토관리사무소,육교형,서울지방국토관리청,1992,38.072861111111116,127.39202777777778
1257,충청남도 공주시 신풍면 청흥리,2,충청남도 종합건설사업소 공주지소,육교형,논산국토관리사무소,2008,36.469972222222225,126.94419444444445
1258,충청남도 청양군 목면 송암리,4,논산국토관리사무소,터널형,논산국토관리사무소,2008,36.43222114322331,127.01250134110838
1259,충청북도 단양군 대강면 용부원리,3,충주국토관리사무소,육교형,충주국토관리사무소,2003,36.90571944444444,128.4315
1260,충청북도 충주시 살미면 신당리,2,충주국토관리사무소,양서 파충류 통로,충주국토관리사무소,2007,36.92063888888889,128.05644444444445
1261,충청북도 괴산군 청천면 사담리,2,충주국토관리사무소,양서 파충류 통로,충주국토관리사무소,2007,36.613083333333336,127.81447222222222
1262,충청북도 단양군 단성면 장회리,3,충주국토관리사무소,터널형,충주국토관리사무소,2008,36.93055555555555,128.23838888888886
1263,충청북도 단양군 대강면 용부원리,3,충주국토관리사무소,터널형,충주국토관리사무소,2005,36.90902777777777,128.41738888888887
1264,충청북도 단양군 대강면 용부원리,3,충주국토관리사무소,터널형,충주국토관리사무소,2007,36.910944444444446,128.41022222222222
1265,충청북도 단양군 대강면 용부원리,3,충주국토관리사무소,터널형,충주국토관리사무소,2007,36.90925,128.41358333333335
1266,충청북도 옥천군 군북면 지오리,4,보은국토관리사무소,터널형,대전지방국토관리청,2007,36.324111111111115,127.57322222222221
1267,충청북도 옥천군 군북면 증약리,4,보은국토관리사무소,터널형,보은국토관리사무소,2008,36.33730555555556,127.50808333333333
1268,충청남도 천안시 동남구 성남면 화성리15-8(병천3.35㎞),4,예산국토관리사무소,육교형,대전지방국토관리청,2004,36.75336111111111,127.27933333333333
1269,충청남도 천안시 동남구 수신면 장산리 801-3(병천3.15㎞),4,예산국토관리사무소,육교형,대전지방국토관리청,2006,36.75369444444444,127.28183333333334
1270,충청남도 천안시 동남구 수신면 장산리 801-2(병천2.95㎞),4,예산국토관리사무소,육교형,대전지방국토관리청,2007,36.754666666666665,127.28399999999999
1271,충청남도 천안시 동남구 수신면 장산리 801-2(병천2.85㎞),4,예산국토관리사무소,육교형,대전지방국토관리청,2006,36.754783333333336,127.28425
1272,충청남도 서산시 인지면 풍전리 359-1(서산4.1㎞),4,예산국토관리사무소,육교형,예산국토관리사무소,2010,36.76798333333333,126.42210277777778
1273,충청남도 서산시 팔봉면 진장리 892-4(서산10.8㎞),4,예산국토관리사무소,육교형,예산국토관리사무소,2010,36.77905,126.36131944444443
1274,충청남도 서산시 지곡면 무장리,4,충청남도 종합건설사업소 홍성지소,터널형,충청남도 종합건설사업소,2005,36.86575,126.44391666666667
1275,충청남도 공주시 사곡면 고당리,2,충청남도 종합건설사업소 공주지소,육교형,충청남도 종합건설사업소,2008,36.527425352951816,127.03066518783343
1276,충청남도 천안시 동남구 풍세면 두남리,4,충청남도 종합건설사업소 공주지소,육교형,충청남도 종합건설사업소,2010,36.754447222222225,127.13520833333334
1277,충청북도 단양군 가곡면 가대리,2,충청북도 도로관리사업소 충주지소,터널형,충주국토관리사무소,2005,37.03408333333333,128.40661111111112
1278,충청북도 단양군 단성면 가산리,2,충청북도 도로관리사업소 충주지소,터널형,충주국토관리사무소,2006,36.89832154888323,128.30563201056466
1279,충청북도 단양군 단성면 가산리,2,충청북도 도로관리사업소 충주지소,터널형,충주국토관리사무소,2007,36.89686615280913,128.30581036541392
1280,강원도 횡성군 둔내면 궁종리,2,홍천국토관리사무소,터널형,원주지방국토관리청,2005,37.49097777777778,128.15389166666668
1281,강원도 횡성군 우천면 정금리,2,홍천국토관리사무소,육교형,원주지방국토관리청,2005,37.51321388888889,128.09442777777778
1282,강원도 횡성군 둔내면 궁종리,2,홍천국토관리사무소,터널형,원주지방국토관리청,2005,37.507525,128.14926666666665
1283,강원도 횡성군 둔내면 궁종리,2,홍천국토관리사무소,터널형,원주지방국토관리청,2005,37.507802777777776,128.14954444444444
1286,강원도 인제군 기린면 원대리,2,홍천국토관리사무소,터널형,원주지방국토관리청,2006,38.011519054690126,128.23722852919045
1287,강원도 인제군 인제읍 하추리,2,홍천국토관리사무소,터널형,원주지방국토관리청,2007,38.010366199524334,128.26263714260793
1290,강원도 원주시 판부면 금대리,4,홍천국토관리사무소,육교형,원주지방국토관리청,2008,37.27098611111111,128.00924722222223
1291,강원도 춘천시 동면 지내리,4,홍천국토관리사무소,육교형,원주지방국토관리청,2005,37.90897797615957,127.77036584351086
1292,강원도 평창군 대관령면 병내리,3,강릉국토관리사무소,육교형,강릉국토관리사무소,2002,37.752294444444445,128.61126944444445
1293,강원도 강릉시 왕산면 송현리,2,강릉국토관리사무소,육교형,강릉국토관리사무소,2003,37.576930555555556,128.85286666666667
1294,강원도 고성군 간성읍 진부리,2,강릉국토관리사무소,육교형,강릉국토관리사무소,2003,38.278959944610456,128.35577496038408
1295,강원도 인제군 북면 한계리,2,강릉국토관리사무소,육교형,강릉국토관리사무소,2003,38.11189654910003,128.36461078961878
1296,강원도 고성군 현내면 제진리,4,강릉국토관리사무소,육교형,원주지방국토관리청,2012,38.55809444444444,128.39682499999998
1297,강원도 고성군 간성읍 진부리,3,강릉국토관리사무소,터널형,강릉국토관리사무소,2005,38.266666666666666,128.35694444444445
1298,강원도 인제군 북면 한계리,2,강릉국토관리사무소,육교형,강릉국토관리사무소,2003,38.10805555555556,128.37333333333333
1299,강원도 평창군 대관령면 병내리,3,강릉국토관리사무소,터널형,강릉국토관리사무소,2005,37.756477777777775,128.61111111111111
1300,강원도 홍천군 내면 자운리,2,강릉국토관리사무소,터널형,강릉국토관리사무소,2005,37.71841666666667,128.42293055555555
1301,강원도 영월군 상동읍 천평리,2,정선국토관리사무소,육교형,정선국토관리사무소,2003,37.11721826785405,128.87844062169358
1302,강원도 정선군 임계면 직원리,2,정선국토관리사무소,육교형,정선국토관리사무소,2003,37.52085853447088,128.90349830123841
1303,강원도 영월군 한반도면 후탄리,4,정선국토관리사무소,육교형,정선국토관리사무소,2004,37.184916666666666,128.38022222222224
1304,강원도 삼척시 미로면 무사리,4,정선국토관리사무소,육교형,정선국토관리사무소,2008,37.57730555555556,128.85294444444443
1305,강원도 정선군 여량면 남곡리,2,정선국토관리사무소,터널형,정선국토관리사무소,2005,37.486000000000004,128.78627777777777
1306,강원도 정선군 여량면 유천리,2,정선국토관리사무소,터널형,정선국토관리사무소,2006,37.468611111111116,128.74525
1307,강원도 정선군 여량면 남곡리,2,정선국토관리사무소,터널형,정선국토관리사무소,2008,37.48866944444445,128.78437222222223
1308,강원도 홍천군 서석면 생곡리,2,강원도 도로관리사업소,양서 파충류 통로,홍천국토관리사무소,2006,37.73169444444444,128.2918611111111
1309,강원도 홍천군 서석면 생곡리,2,강원도 도로관리사업소,양서 파충류 통로,홍천국토관리사무소,2006,37.74005555555556,128.2983888888889
1310,강원도 홍천군 서석면 생곡리,2,강원도 도로관리사업소,터널형,홍천국토관리사무소,2006,37.74263888888889,128.30211111111112
1311,강원도 양양군 현북면 어성전리,2,강원도 로로관리사업소 강릉지소,육교형,강원도,2005,37.95113888888889,128.66425
1312,강원도 양양군 서면 갈천리,2,강원도 로로관리사업소 강릉지소,터널형,강원도,2006,37.93622222222222,128.4933888888889
1313,강원도 양양군 서면 갈천리,2,강원도 로로관리사업소 강릉지소,터널형,강원도,2006,37.92461111111111,128.49922222222222
1314,강원도 양양군 서면 갈천리,2,강원도 로로관리사업소 강릉지소,터널형,강원도,2006,37.9085,128.50908333333334
1315,강원도 양양군 서면 갈천리,2,강원도 로로관리사업소 강릉지소,터널형,강원도,2006,37.93077777777778,128.4934722222222
1316,강원도 양양군 서면 갈천리,2,강원도 로로관리사업소 강릉지소,터널형,강원도,2006,37.90855555555555,128.50477777777778
1317,강원도 정선군 정선읍,2,강원도 도로관리사업소 태백지소,양서 파충류 통로,정선국토관리사무소,2006,37.356611111111114,128.719
1318,강원도 화천군 상서면 다목리,2,강원도 도로관리사업소 북부지소,터널형,홍천국토관리사무소,2006,38.163222222222224,127.52674999999999
1319,강원도 화천군 상서면 다목리,2,강원도 도로관리사업소 북부지소,터널형,홍천국토관리사무소,2006,38.163666666666664,127.52674999999999
1320,강원도 화천군 상서면 다목리,2,강원도 도로관리사업소 북부지소,터널형,홍천국토관리사무소,2005,38.163666666666664,127.52674999999999
1321,경상남도 진주시 이반성면 발산리,4,진주국토관리사무소,육교형,부산지방국토관리청,2005,35.13658611111111,128.35295
1322,경상남도 합천군 대양면 정양리,4,진주국토관리사무소,육교형,부산지방국토관리청,2008,35.552125,128.16803888888887
1323,경상남도 합천군 봉산면 상현리,2,진주국토관리사무소,양서 파충류 통로,진주국토관리사무소,2007,35.6325,128.0227777777778
1324,경상남도 합천군 봉산면 상현리,2,진주국토관리사무소,양서 파충류 통로,진주국토관리사무소,2007,35.62972222222222,128.03972222222222
1325,경상남도 합천군 야로면 덕암리,2,진주국토관리사무소,양서 파충류 통로,진주국토관리사무소,2008,35.67472222222222,128.17472222222221
1326,경상북도 구미시 선산읍 교리,4,대구국토관리사무소,육교형,부산지방국토관리청,2009,36.264744444444446,128.317025
1327,경상북도 청도군 화양읍 삼신리,4,대구국토관리사무소,육교형,부산지방국토관리청,2013,35.67395555555555,128.69663888888888
1328,경상북도 울진군 서면 광회리,2,경상북도 울진군,육교형,경상북도 울진군,2005,36.932534304113176,129.16222222222265
1329,경상북도 울진군 근남 행곡리,2,포항국토관리사무소,터널형,포항국토관리사무소,2005,36.97333888888889,129.34983333333335
1330,경상북도 포항시 남구 연일읍 우복리 산15-2,4,포항국토관리사무소,육교형,부산지방국토관리청,2006,35.97679166666667,129.33958333333334
1331,경상북도 문경시 마성면 신현리 산43-1 일원,4,영주국토관리사무소,육교형,부산지방국토관리청,1999,36.65497222222222,128.1313888888889
1332,경상북도 영주시 이산면 신암리 산46-1,4,영주국토관리사무소,육교형,부산지방국토관리청,2005,36.857244902192065,128.70083182308284
1333,경상북도 영주시 이산면 지동리 산163-2 일원,4,영주국토관리사무소,육교형,부산지방국토관리청,2005,36.86301915780622,128.71403138425345
1334,경상북도 영주시 이산면 지동리 산156-3,4,영주국토관리사무소,육교형,부산지방국토관리청,2005,36.86625,128.72394444444444
1335,경상북도 봉화군 봉화읍 유곡리 산38-3,4,영주국토관리사무소,육교형,부산지방국토관리청,2005,36.88259531568522,128.75173137797134
1336,경상북도 영주시 풍기읍 수철리 산4-3 일원,2,영주국토관리사무소,터널형,영주국토관리사무소,2005,36.869166666666665,128.45027777777776
1337,경상북도 봉화군 명호면 삼동리 790,2,영주국토관리사무소,터널형,영주국토관리사무소,2008,36.87777777777778,128.935
1338,경상북도 봉화군 명호면 삼동리 1443-1 일원,2,영주국토관리사무소,터널형,영주국토관리사무소,2008,36.87083333333334,128.91055555555556
1339,경상북도 봉화군 법전면 소천리 27-3,2,영주국토관리사무소,터널형,영주국토관리사무소,2009,36.89805555555556,128.945
1340,경상북도 봉화군 법전면 어지리 97-5,3,영주국토관리사무소,육교형,영주국토관리사무소,2005,36.91861111111111,128.9752777777778
1341,경상북도 봉화군 석포면 대현리 440-1,2,영주국토관리사무소,터널형,영주국토관리사무소,2005,37.05222222222222,129.00416666666666
1342,경상북도 봉화군 석포면 대현리 산47-2,2,영주국토관리사무소,터널형,영주국토관리사무소,2007,37.06222222222222,129.00861111111112
1343,경상북도 봉화군 소천면 고선리 105-4,2,영주국토관리사무소,터널형,부산지방국토관리청,2005,36.97025555555556,129.00371388888888
1344,경상북도 봉화군 소천면 고선리 297-5,2,영주국토관리사무소,터널형,부산지방국토관리청,2005,36.979886111111114,128.99283333333332
1345,경상북도 봉화군 소천면 고선리 산61-22,2,영주국토관리사무소,터널형,부산지방국토관리청,2005,37.00108888888889,128.97792777777778
1346,경상북도 안동시 북후면 옹천리 산30-1,4,영주국토관리사무소,육교형,부산지방국토관리청,2010,36.694629951471896,128.70853928938553
1347,경상남도 밀양시 삼랑진읍 용성리 산58-6번지,2,진영국토관리사무소,터널형,진영국토관리사무소,2007,35.42896111111111,128.8067166666667
1348,경상남도 밀양시 삼랑진읍 용성리 산64-1번지,2,진영국토관리사무소,터널형,진영국토관리사무소,2007,35.426766666666666,128.80850555555557
1349,경상북도 성주군 수륜면 신파리,2,경상북도 종합건설사업소,터널형,경상북도,2007,35.819361111111114,128.1771388888889
1350,경상북도 성주군 수륜면 백운리,2,경상북도 종합건설사업소,터널형,대구국토관리사무소,2007,35.83325000000001,128.1452222222222
1351,경상북도 영천시 신녕면 화서리,4,경상북도 종합건설사업소,육교형,부산지방국토관리청,2011,36.10411111111111,128.74994444444442
1352,경상북도 영천시 신녕면 화서리,4,경상북도 종합건설사업소,육교형,부산지방국토관리청,2011,36.104267296517534,128.74994182586676
1353,경상북도 영천시 신녕면 화서리,4,경상북도 종합건설사업소,육교형,부산지방국토관리청,2011,36.069834150761096,128.71198015848512
1354,경상북도 영천시 화산면 덕암리,4,경상북도 종합건설사업소,육교형,부산지방국토관리청,2011,36.036249999999995,128.83997222222223
1355,경상북도 예천군 풍양면 청운리,4,경상북도 종합건설사업소 북부지소,육교형,경상북도,2004,36.52005555555556,128.29930555555555
1356,경상북도 영양군 수비면 계리,2,경상북도 종합건설사업소 북부지소,터널형,부산지방국토관리청,2005,36.76305555555555,129.1786111111111
1357,경상남도 산청군 금서면 지막리,2,경상남도,터널형,진주국토관리사무소,2008,35.39191666666667,127.84741666666666
1358,광주광역시 광산구 지죽동,4,한국도로공사,육교형,한국도로공사,2008,35.13901111111111,126.74818333333333
1359,경기도 안성시 미양면 갈전리,4,한국도로공사,육교형,한국도로공사,2007,37.64389444444444,127.40847222222223
1360,경기도 안성시 미양면 갈전리,4,한국도로공사,터널형,한국도로공사,2007,37.645805555555555,127.40650000000001
1361,경기도 여주군 가남면 안금리,4,한국도로공사,터널형,한국도로공사,2002,37.21416666666667,127.60500277777777
1362,강원도 강릉시 구정면 어단리,4,한국도로공사,육교형,한국도로공사,2004,37.69003055555555,128.91754444444445
1363,강원도 강릉시 사천면 석교리,4,한국도로공사,육교형,한국도로공사,2001,37.69003055555555,128.91754444444445
1364,강원도 강릉시 성산면 보광리,4,한국도로공사,터널형,한국도로공사,2001,37.73438055555555,128.78226111111113
1365,강원도 강릉시 성산면 보광리,4,한국도로공사,터널형,한국도로공사,2001,37.74768888888889,128.78999166666665
1366,강원도 횡성군 횡성읍 갈풍리,4,한국도로공사,터널형,한국도로공사,2001,37.487997222222226,127.94978888888889
1367,강원도 양양군 현북면 하광정리,4,한국도로공사,육교형,한국도로공사,2009,38.00606111111111,128.71475555555554
1368,강원도 홍천군 북방면 성동리,4,한국도로공사,터널형,한국도로공사,2009,37.75530833333333,127.88124722222221
1369,충청북도 보은군 마로면 갈평리,4,한국도로공사,육교형,한국도로공사,2007,36.45505,127.84806111111111
1370,충청북도 보은군 수한면 교암리,4,한국도로공사,터널형,한국도로공사,2007,36.47260833333333,127.66738055555555
1371,충청북도 보은군 회인면 애곡리,4,한국도로공사,터널형,한국도로공사,2007,36.481830555555554,127.614025
1372,충청북도 보은군 수한면 건천리,4,한국도로공사,육교형,한국도로공사,2007,36.481197,127.614724
1373,충청남도 공주시 신풍면 영정리,4,한국도로공사,육교형,한국도로공사,2009,36.516575,127.000094
1374,충청남도 공주시 우성면 상서리,4,한국도로공사,육교형,한국도로공사,2009,36.48645,127.079438
1375,충청남도 공주시 의당면 청룡리,4,한국도로공사,터널형,한국도로공사,2009,36.494994444444444,127.14486388888889
1376,충청남도 서산시 운산면 신창리,4,한국도로공사,육교형,한국도로공사,2001,36.762005,126.571022
1377,충청남도 당진시 당진읍 사기소리,4,한국도로공사,육교형,한국도로공사,2009,36.842286111111115,126.62512777777778
1378,전라북도 완주군 용진면 상삼리,4,한국도로공사,양서 파충류 통로,한국도로공사,2007,35.88146388888889,127.18562777777778
1379,전라북도 장수군 계북면 원촌리,4,한국도로공사,터널형,한국도로공사,2001,35.77998611111111,127.6123611111111
1380,전라북도 진안군 진안읍 물곡리,4,한국도로공사,터널형,한국도로공사,2007,35.77497777777778,127.47001111111112
1381,전라남도 나주시 문평면 대도리,4,한국도로공사,육교형,한국도로공사,2007,35.076800000000006,126.63876111111112
1382,전라남도 함평군 학교면 마산리,4,한국도로공사,터널형,한국도로공사,2007,35.05775277777777,126.55599722222222
1383,경상북도 문경시 문경읍 마원2리,4,한국도로공사,육교형,한국도로공사,2004,36.717525,128.1036638888889
1384,경상북도 상주시 낙동면 운평리,4,한국도로공사,터널형,한국도로공사,2007,36.37163611111111,128.1977611111111
1385,경상북도 상주시 내서면 고곡리,4,한국도로공사,터널형,한국도로공사,2007,36.426091666666665,128.04391666666666
1386,경상북도 상주시 내서면 서원리,4,한국도로공사,터널형,한국도로공사,2007,36.429066666666664,128.02285833333335
1387,경상북도 상주시 헌신동,4,한국도로공사,육교형,한국도로공사,2003,36.42905,128.21369166666665
1388,경상북도 영천시 매산동,6,한국도로공사,육교형,한국도로공사,2004,36.03030555555556,128.90836666666667
1389,경상북도 영천시 청통면 신덕리,6,한국도로공사,육교형,한국도로공사,2004,35.97745441798242,128.84165761722247
1390,경상북도 영천시 화남면 죽곡리,6,한국도로공사,육교형,한국도로공사,2004,36.05353333333333,128.96394166666664
1391,경상북도 포항시 북구 기계면 지가리,6,한국도로공사,육교형,한국도로공사,2004,36.08315555555556,129.1951777777778
1392,경상남도 진주시 정촌면 화개리,4,한국도로공사,터널형,한국도로공사,2005,35.134433333333334,128.11195277777776
1393,경상남도 고성군 대가면 송계리,4,한국도로공사,양서 파충류 통로,한국도로공사,2005,35.049905555555554,128.26966111111113
1394,경상남도 고성군 대가면 송계리,4,한국도로공사,양서 파충류 통로,한국도로공사,2005,35.05128333333333,128.26707222222223
1395,전라북도 익산시 여산면 원수리,8,한국도로공사,육교형,한국도로공사,2010,36.02593888888889,127.10312499999999
1396,전라북도 남원시 송동면 송내리,4,한국도로공사,육교형,한국도로공사,2010,35.13837777777778,126.74784166666667
1397,전라남도 강진군 작천면 토마리,4,한국도로공사,육교형,한국도로공사,2012,34.679837986148485,126.82820584403359
1398,충청북도 음성군 금왕읍 용계리,4,한국도로공사,터널형,한국도로공사,2013,36.97694444444445,127.59891666666667
1399,충청북도 충주시 신니면 모남리,4,한국도로공사,터널형,한국도로공사,2013,37.009083333333336,127.67963888888889
1400,경기도 안성시 원곡면 반제리,4,한국도로공사,터널형,한국도로공사,2007,37.04315,127.28428333333333
1401,충청북도 보은군 보은읍 지산리,4,한국도로공사,터널형,한국도로공사,2007,36.45991111111111,127.70766111111111
1402,충청북도 진천군 이월면 내촌리,4,한국도로공사,양서 파충류 통로,한국도로공사,2008,36.94533333333333,127.45194444444445
1403,충청남도 부여군 구룡면 현암리,4,한국도로공사,터널형,한국도로공사,2009,36.26558333333333,126.80360833333333
1404,전라남도 나주시 문평면 송산리,4,한국도로공사,터널형,한국도로공사,2007,35.068713888888894,126.6052
1405,경상북도 상주시 가장동,4,한국도로공사,양서 파충류 통로,한국도로공사,2007,36.36940277777778,128.13386944444443
1406,경상북도 상주시 내서면 능암리,4,한국도로공사,양서 파충류 통로,한국도로공사,2007,36.39349444444444,128.09676666666667
1407,경상북도 상주시 내서면 신촌리,4,한국도로공사,양서 파충류 통로,한국도로공사,2007,36.40714166666667,128.07202777777778
1408,경상남도 진주시 문산읍 상문리,8,한국도로공사,터널형,한국도로공사,2011,35.18139166666666,128.19641666666666
1409,경상남도 진주시 지수면 금곡리,8,한국도로공사,터널형,한국도로공사,2011,35.20907777777778,128.25931944444446
1410,경상남도 진주시 지수면 금곡리,8,한국도로공사,터널형,한국도로공사,2011,35.21335555555556,128.26290555555556
1411,경상남도 함안군 군북면 박곡리,8,한국도로공사,터널형,한국도로공사,2011,35.264722222222225,128.27906944444445
1412,경상남도 함안군 군북면 박곡리,8,한국도로공사,터널형,한국도로공사,2011,35.26951666666667,128.2814888888889
1413,전라남도 영암군 학산면 상월리,4,한국도로공사,터널형,한국도로공사,2012,34.713675,126.6366138888889
1414,전라남도 영암군 학산면 상월리,4,한국도로공사,터널형,한국도로공사,2012,34.713675,126.6366138888889
1415,전라남도 보성군 겸백면 남양리,4,한국도로공사,터널형,한국도로공사,2012,34.80760833333333,127.15793888888889
1416,울산광역시 울주군 삼동면 조일리,2,울산광역시 울주군,육교형,울산광역시,2012,35.4775,129.13250000000002
1417,충청남도 아산시 탕정면 용두리 산22(아산시 충무로 72번길 13),6,예산국토관리사무소,육교형,대전지방국토관리청,2015,36.817211111111114,127.04866111111112
1419,충청남도 예산군 신양면 대덕리 370-1,4,충청남도 종합건설사업소 홍성지소,육교형,대전지방국토관리청,2005,37.28888888888889,127.41083333333334
1420,충청북도 충주시 신니면 화석리,4,한국도로공사,터널형,한국도로공사,2013,37.031777777777776,127.72919444444445
1421,충청북도 충주시 노은면 문성리,4,한국도로공사,터널형,한국도로공사,2013,37.033722222222224,127.732
1422,경기도 여주시 현암동 640-11,4,경기도 여주시,육교형,경기도 여주시,2004,37.32277777777778,127.63055555555555
1426,경상남도 창원시 성산구 토월동 산 11-2,4,진영국토관리사무소,육교형,경상남도 창원시,2014,35.233736111111114,128.70486388888887
1427,경상남도 함양군 서하면 송계리 산146-2번지,1,진주국토관리사무소,터널형,진주국토관리사무소,2015,35.67472222222222,128.17472222222221
1428,강원도 고성군 거진읍 송죽리,4,강릉국토관리사무소,육교형,원주지방국토관리청,2014,38.399388888888886,128.4642361111111
1429,광주광역시 광산구 지죽동(무안광주선 37.48k),4,한국도로공사,육교형,한국도로공사,2008,35.14111111111111,126.74861111111112
1430,전라남도 나주시 문평면 대도리(무안광주선 24.90k),4,한국도로공사,터널형,한국도로공사,2007,35.07946944444445,126.63965555555556
1431,전라남도 함평군 학교면 마산리(무안광주선 16.94k),4,한국도로공사,터널형,한국도로공사,2007,35.060655555555556,126.55665277777777
1432,전라북도 남원시 수지면 남창리(순천완주선 49.98k),4,한국도로공사,육교형,한국도로공사,2010,35.34308333333333,127.34966666666666
1433,전라남도 강진군 작천면 토마리(영암순천선 30.36k),4,한국도로공사,육교형,한국도로공사,2012,34.67986111111111,126.82819444444443
1434,인천광역시 남동구 논현동 685,5,인천광역시,육교형,LH공사,2012,37.68361111111111,127.18194444444445
1435,인천광역시 남동구 논현동413-24,5,인천광역시,육교형,LH공사,2012,37.68333333333333,127.2
1436,전라남도 나주시 문평면 송산리(무안광주선 21.60k),4,한국도로공사,터널형,한국도로공사,2007,35.07136388888889,126.60581944444444
1437,전라남도 영암군 학산면 상월리,4,한국도로공사,터널형,한국도로공사,2012,34.70697222222223,126.64222222222223
1439,전라남도 영암군 학산면 상월리,4,한국도로공사,터널형,한국도로공사,2012,34.70666666666667,126.64511111111112
1440,전라남도 보성군 겸백면 남양리,4,한국도로공사,육교형,한국도로공사,2012,34.80760833333333,127.15793888888889
1442,인천광역시 남동구 논현동 685,4,인천광역시,육교형,LH공사,2012,37.68361111111111,127.21527777777779
1443,인천광역시 남동구 논현동 698,4,인천광역시,육교형,LH공사,2012,37.678888888888885,127.21694444444445
1444,인천광역시 남동구 논현동 787,5,인천광역시,육교형,LH공사,2012,37.660833333333336,127.20055555555555
1445,강원도 평창군 진부면 동산리,2,국립공원관리공단,터널형,환경부,2013,37.72672222222222,128.59444444444446
1447,경기도 양평군 청운면 갈운리 산1-4,2,경기도 양평군,육교형,서울지방국토관리청,1987,37.532777777777774,127.80166666666666
1448,경상북도 영주시 봉현면 두산리 산32-8,2,경상북도 영주시,육교형,경상북도 영주시,2009,36.84401388888889,128.467225
1449,경상북도 고령군 대가야읍 내곡리,2,경상북도,육교형,경상북도,2010,35.67674722222222,128.29472777777778
1450,경상북도 고령군 다산면 송곡리 산74,4,경상북도,육교형,경상북도,2010,35.798205555555555,128.3709166666667
1451,경상북도 청송군 현서면 무계리 산 54-8,2,경상북도,육교형,경상북도,2010,36.17545555555555,128.97695555555555
1452,경상북도 청송군 파천면 신기리 산41-7,2,경상북도,육교형,경상북도,2010,36.48290277777778,129.06150277777778
1453,경상북도 청송군 파천면 신흥리 852,2,경상북도,육교형,경상북도,2011,36.40690990522959,129.047136391534
1455,경기도 연천군 연천읍 고문리 ,2,한국수자원공사,육교형,한국수자원공사,2010,38.06737777777778,127.12760277777777
1456,세종특별자치시 소정면 고등리 74-21,2,세종특별자치시,육교형,세종특별자치시,2012,36.711111111111116,127.2038888888889
1457,전라북도 순창군 풍산면 죽곡리 725번지,2,전라북도 도로관리사업소,육교형,전라북도,2006,35.358650000000004,127.11914999999999
1459,울산광역시 울주군 범서읍 척과리 산255-10,4,한국도로공사,터널형,한국도로공사,2015,35.559455648994536,129.23858017816198
1460,경상남도 거창군 남하면 둔마리 925-3(광주대구선 125.8k),4,한국도로공사,터널형,한국도로공사,2015,35.707475,127.96741388888888
1461,전라남도 보성군 벌교읍 옥전리,2,전라남도 보성군,육교형,전라남도 보성군,2013,34.846405555555556,127.22584444444445
1462,전라북도 순창군 순창읍 백산리 366-1,4,한국도로공사,육교형,한국도로공사,2015,35.366166666666665,127.12413888888888
1463,경기도 안성시 삼죽면 진촌리 산16-1,4,수원국토관리사무소,육교형,수원국토관리사무소,2015,37.06788055555556,127.37867222222222
1464,전라북도 남원시 신정동,4,한국도로공사,육교형,한국도로공사,2015,35.42316666666667,127.36177777777777
1465,전라북도 남원시 아영면 아곡리,4,한국도로공사,육교형,한국도로공사,2015,35.47836111111111,127.56027777777777
1466,전라북도 남원시 대강면 옥택리 ,4,한국도로공사,육교형,한국도로공사,2015,35.38675,127.2496388888889
1467,경상북도 함양군 병곡면 도천리,4,한국도로공사,육교형,한국도로공사,2015,35.542944444444444,127.69213888888889
1468,경상남도 진주시 진성면 구천리 산120-4,4,진주국토관리사무소,육교형,진주국토관리사무소,2015,35.16916111111111,128.21538888888887
1469,전라북도 무주군 무풍면 삼거리 138-47,2,전라북도 도로관리사업소,터널형,국토교통부,2005,35.873305555555554,127.82819444444443
1470,전라북도 무주군 무풍면 삼공리 951-3,2,전라북도 도로관리사업소,터널형,국토교통부,2007,35.87005555555556,127.8248611111111
1471,전라북도 무주군 무풍면 삼거리 1-12,2,전라북도 도로관리사업소,터널형,국토교통부,2005,35.87005555555556,127.8248611111111
1472,전라북도 무주군 설천면 심곡리 343-5,2,전라북도 도로관리사업소,육교형,국토교통부,2005,35.92055555555555,127.75744444444445
1473,전라북도 무주군 설천면 두길리 1536-1,2,전라북도 도로관리사업소,터널형,국토교통부,2005,35.97352777777778,127.77719444444445
1474,전라북도 고창군 아산면 주진리 산 4-1,4,전라북도 도로관리사업소,터널형,전라북도,2013,35.44294444444444,126.61338888888888
1475,전라북도 고창군 아산면 학전리 산 122-1,4,전라북도 도로관리사업소,터널형,전라북도,2013,35.44280555555555,126.61152777777777
1476,전라북도 남원시 산내면 덕동리 산 215-17,2,전라북도 도로관리사업소,터널형,전라북도,2011,35.3498345862408,127.53392208528757
1477,전라북도 남원시 주천면 고기리 산 107-9,2,전라북도 도로관리사업소,터널형,전라북도,2011,35.36485564430015,127.51309928045974
1478,전라북도 남원시 송동면 두신리 산16-1,4,남원국토관리사무소,육교형,익산지방국토관리청,2014,35.351708125655094,127.32180816255921
1479,전라북도 정읍시 입암면 신면리 산18-1,4,전주국토관리사무소,육교형,익산지방국토관리청,2016,35.51840833333333,126.82879166666666
1481,충청북도 청주시 서원구 수곡동 577-1 ,6,충청북도 청주시,육교형,LH공사,2005,36.62238888888889,127.46730277777777
1482,충청북도 청주시 서원구 모충동 260-17,2,충청북도 청주시,육교형,충청북도 청주시,0,36.62408611111111,127.47784166666666
1483,부산광역시 강서구 천성동 산222-1,1,부산광역시 강서구,육교형,부산광역시 강서구,2014,35.024547222222225,128.82061666666667
1484,충청남도 부여군 구룡면 현암리,4,한국도로공사,육교형,한국도로공사,2009,36.26558333333333,126.80360833333333
1486,전라북도 순창군 순창읍 백산리 386-1,4,한국도로공사,육교형,한국도로공사,2015,35.36611111111111,127.12416666666665
1487,경상북도 예천군 호명면 종산리 산46-1,4,경상북도,육교형,경상북도,2016,36.616894533587356,128.45878430684158
1488,충청남도 당진시 석문면 삼봉리 산90(송산20.80km),4,예산국토관리사무소,육교형,대전지방국토관리청,2016,37.00413888888889,126.52602777777777
1489,충청남도 아산시 음봉면 송촌리 257-10(영인1.08km),6,예산국토관리사무소,육교형,대전지방국토관리청,2016,36.854055555555554,127.03825
1490,충청남도 홍성군 장곡면 월계리 산198 (홍성11.80km),4,예산국토관리사무소,육교형,대전지방국토관리청,2016,36.54083333333333,126.73536111111112
1491,충청남도 홍성군 홍성읍 구룡리 122-3임 (홍성5.44km),4,예산국토관리사무소,육교형,대전지방국토관리청,2016,36.5825,126.69497222222222
1492,전라남도 나주시 공산면 상방리 산46-4,4,광주국토관리사무소,육교형,익산지방국토관리청,2016,35.58145833333334,127.06206666666667
1493,전라남도 장성군 북이면 사거리 산41-2,4,광주국토관리사무소,육교형,익산지방국토관리청,2016,35.736925,127.3686861111111
1495,경상남도 산청군 생비량면 가계리 산279-3,4,진주국토관리사무소,육교형,부산지방국토관리청,2015,35.36018888888889,128.06375
1496,경상남도 의령군 대의면 마쌍리 산99,4,진주국토관리사무소,육교형,부산지방국토관리청,2015,35.38197777777778,128.11178333333334
1497,경상남도 남해군 설천면 덕신리 산321-4,4,진주국토관리사무소,육교형,부산지방국토관리청,2017,34.919444444444444,127.86125
1498,경기도 시흥시 계수동 369-22,4,경기도 시흥시,육교형,경기도 시흥시,2008,37.44583333333333,126.82416666666666
1499,강원도 춘천시 신북읍 용산리 산25-1번지 일대,4,홍천국토관리사무소,육교형,홍천국토관리사무소,2015,37.95804166666667,127.71729722222223
1500,강원도 춘천시 동내면 학곡리 산68-2번지 일대,2,홍천국토관리사무소,터널형,홍천국토관리사무소,1986,37.81663888888889,127.75828888888888
1501,강원도 춘천시 동내면 거두리 산88-14번지 일대,2,홍천국토관리사무소,육교형,홍천국토관리사무소,2016,37.869752776002315,127.77679356416427
1502,경기도 구리시 교문동 418-2 샛다리어린이공원,2,경기도 구리시,육교형,경기도 구리시,2007,37.591503546739226,127.1280821482348
1503,경상북도 성주군 벽진면 매수1리,2,대구국토관리사무소,육교형,대구국토관리사무소,2007,35.940777777777775,128.20655555555555
1504,경상북도 성주군 벽진면 매수리,2,대구국토관리사무소,육교형,대구국토관리사무소,2007,35.93358333333333,128.1933888888889
1505,경기도 양주시 율정동 산57-2,2,경기도 양주시,육교형,경기도 양주시,2017,37.809346804825054,127.120411031245
1506,경기도 화성시 봉담읍 분천리 437-14,4,수원국토관리사무소,육교형,서울지방국토관리청,2015,37.19361111111111,126.95027777777779
1507,강원도 횡성군 둔내면 마암2리 산281-4번지 일대,2,홍천국토관리사무소,터널형,원주지방국토관리청,2017,37.54208055555555,128.21124444444445
1508,강원도 횡성군 둔내면 삽교리 산302번지 일대,2,홍천국토관리사무소,육교형,원주지방국토관리청,2017,37.580222222222226,128.25558333333333
1509,강원도 횡성군 둔내면 삽교리 산306번지 일대,2,홍천국토관리사무소,터널형,원주지방국토관리청,2017,37.581186111111116,128.25775
1510,강원도 횡성군 둔내면 삽교리 101전 일대,2,홍천국토관리사무소,터널형,원주지방국토관리청,2017,37.581925000000005,128.26790555555556
1511,경기도 의정부시 자일동 산 56-15,4,경기도 의정부시,육교형,경기도,2004,37.75527777777778,127.11472222222221
1512,경기도 의정부시 의정부동 산 4-7,6,경기도 의정부시,육교형,경기도,1998,37.73694444444445,127.02944444444444
1513,경기도 의정부시 장암동 산 21-14,12,경기도 의정부시,육교형,경기도,2014,37.71416666666667,127.06083333333333
1514,경기도 의정부시 신곡동 산 25-23,6,경기도 의정부시,육교형,경기도,2009,37.74,127.06916666666666
1515,경상남도 하동군 금성면 가덕리 산173-16번지 일원,4,경상남도,육교형,경상남도,2016,34.97734722222222,127.8117361111111
1516,경기도 의왕시 고천동   산 55-5 (서수원~의왕간 고속화도로 13.07km) ,7,경기남부도로(주),육교형,경기도,2013,37.33661111111111,126.97317222222222
1517,경기도 의왕시 월암동  산 46-3 (서수원~의왕간 고속화도로 13.07km) ,7,경기남부도로(주),육교형,경기도,2013,37.317233333333334,126.96638888888889
1518,강원도 동해시 지흥동,4,한국도로공사,육교형,한국도로공사,2016,37.50025,129.0913888888889
1519,강원도 양양군 강현면 석교리,4,한국도로공사,육교형,한국도로공사,2016,38.128750000000004,128.57922222222223
1520,강원도 양양군 강현면 강선리,4,한국도로공사,육교형,한국도로공사,2016,38.150416666666665,128.58505555555556
1521,강원도 속초시 노학동,4,한국도로공사,육교형,한국도로공사,2016,38.180138888888884,128.5577777777778
1522,강원도 홍천군 화촌면 군업리 산220-12,4,한국도로공사,육교형,한국도로공사,2017,37.75775,128.01519444444443
1523,강원도 홍천군 화촌면 장평리 산236-1,4,한국도로공사,육교형,한국도로공사,2017,37.754694444444446,128.04288888888888
1524,강원도 홍천군 내촌면 와야리 산266-1,4,한국도로공사,육교형,한국도로공사,2017,37.78808333333333,128.12425000000002
1525,강원도 인제군 상남면 상남리,4,한국도로공사,육교형,한국도로공사,2017,37.82747222222223,128.22258333333335
1526,강원도 인제군 상남면 상남리,4,한국도로공사,육교형,한국도로공사,2017,37.83097222222222,128.22722222222222
1527,경기도 경기 구리시 갈매동 산 69-183,4,LH공사,육교형,LH공사,2018,38.03333333333333,127.19250000000001
1528,경기도 의왕시 고천동 산55-5,6,경기남부도로(주),육교형,경기남부도로(주),2013,37.33661111111111,126.97317222222222
1529,경기도 의왕시 월암동 산46-3,6,경기남부도로(주),육교형,경기남부도로(주),2013,37.317233333333334,126.96638888888889
1530,경기도 의정부시 낙양동 산116-1,6,경기도 의정부시,육교형,경기도 의정부시,2014,37.75313888888889,127.09833333333333
1531,경기도 가평군 설악면 회곡리 841,2,의정부국토관리사무소,육교형,서울지방국토관리청,1994,37.68666666666666,127.46333333333334
1532,경기도 의정부시 낙양동 산116-1,6,의정부국토관리사무소,육교형,서울지방국토관리청,2015,37.75333333333333,127.09805555555555
1533,경기도 양주시 고암동 산44-3,6,의정부국토관리사무소,육교형,서울지방국토관리청,2014,37.82666666666667,127.07333333333332
1534,경기도 가평군 청평면 고성리 산79-1,2,의정부국토관리사무소,육교형,서울지방국토관리청,2017,37.70861111111111,127.49666666666667
1535,충청남도 홍성군 홍성읍 옥암리 874-2 (해미21.7Km),4,예산국토관리사무소,육교형,예산국토관리사무소,2017,36.58562222222223,126.6329111111111
1536,충청남도 홍성군 홍성읍 월산리 산 186-2 (해미21.7Km),2,예산국토관리사무소,육교형,예산국토관리사무소,2017,36.586733333333335,126.63288888888889
1537,경기도 의왕시 고천동 산55-5,6,경기남부도로(주),육교형,경기남부도로(주),2013,37.33661111111111,126.97317222222222
1538,경기도 의왕시 월암동 산46-3,6,경기남부도로(주),육교형,경기남부도로(주),2013,37.317233333333334,126.96638888888889
1539,경상남도 거창군 고제면 봉계리,2,경상남도,육교형,경상남도,2017,35.89888888888889,127.86547222222222
1540,부산광역시 기장군 정관읍 모전리,4,부산광역시,육교형,부산광역시,2017,35.34597222222222,129.15855555555555
1541,충청남도 공주시 반포면 학봉리,2,국립공원관리공단,육교형,충청남도,2017,36.34619444444445,127.2526388888889
1542,충청남도 홍성군 홍성읍 옥암리,4,국토교통부,육교형,국토교통부,2017,36.58097222222222,126.63677777777778
1543,경상북도 상주시 화북면 운흥리,2,국토교통부,육교형,국토교통부,2017,36.59458333333333,127.80122222222222
1544,경상남도 진주시 진성면 구천리,4,국토교통부,육교형,국토교통부,2013,35.16908333333333,128.2168888888889
1545,전라남도 보성군 득량면 삼정리,4,전라남도,육교형,전라남도,2015,34.77419444444444,127.12230555555554
1546,강원도 홍천군 화촌면 군업리  산220-12,4,한국도로공사,육교형,한국도로공사,2017,37.757666666666665,128.01513888888888
1547,강원도 홍천군 내촌면 물걸리  산386-2,4,한국도로공사,육교형,한국도로공사,2017,37.78822222222222,128.12466666666668
1548,강원도 인제군 상남면 상남리  1627-5,4,한국도로공사,육교형,한국도로공사,2017,37.83433333333333,128.22830555555555
1549,강원도 인제군 상남면 상남리  1649-5,4,한국도로공사,육교형,한국도로공사,2017,37.83141666666667,128.22619444444445
1550,경기도 포천시 소흘읍 이동교리,2,경기도,육교형,경기도,2017,37.809416666666664,127.12041666666666
1551,경기도 안성시 삼죽면 진촌리,2,국토교통부,육교형,국토교통부,2016,37.06791666666667,127.37855555555555
1552,경상북도 김천시 봉산면 광천리,4,국토교통부,육교형,국토교통부,2018,36.20252777777778,128.00719444444445
1553,강원도 강릉시 연곡면 삼산리,4,국토교통부,육교형,국토교통부,2017,37.76661255896409,128.61040432628363
1554,전라북도 장수군 번암면 유정리 ,4,한국도로공사,터널형,한국도로공사,2017,35.478016410461144,127.5458426929613
1555,전라북도 장수군 번암면 노단리,2,전라북도,터널형,전라북도,2015,35.531,127.56097222222222
1556,경상북도 김천시 봉산면 광천리,6,한국도로공사,육교형,한국도로공사,2019,36.203388888888895,128.00133333333332
1557,경상북도 김천시 봉산면 광천리,2,경상북도 김천시,육교형,경상북도 김천시,2020,36.202222222222225,128.00475
1558,경기도 포천시 소흘읍 직동리,2,경기도,육교형,경기도,2019,37.753083333333336,127.16888888888889
1559,울산광역시 울주군 두서면 활천리,4,한국도로공사,육교형,한국도로공사,2019,35.683277777777775,129.18130555555555
1560,충청남도 천안시 서북구 입장면,2,충청남도,육교형,충청남도,2019,36.88788888888889,127.26772222222222
1561,경기도 의왕시 내손동 산142번지,2,경기도 의왕시,육교형,경기도 의왕시,2007,37.37525,126.99088888888889
1562,전라북도 완주군 상관면 용암리 666번지,4,전주국토관리사무소,육교형,전주국토관리사무소,2021,35.700136111111114,127.24558333333333
1564,강원도 삼척시 원덕읍 노곡리 산146-3,4,강릉국토관리사무소,육교형,강릉국토관리사무소,2021,37.20921944444445,129.33724722222223
1565,경기도 의왕시 월암동 산46-3,6,경기남부도로(주),육교형,경기남부도로(주),2013,37.317233333333334,126.96638888888889
1566,경기도 의왕시 고천동 산55-5 ,6,경기남부도로(주),육교형,경기남부도로(주),2013,37.33661111111111,126.97317222222222
1567,경기도 영중면 거사리 산3-22번지 일원,2,경기도 포천시,육교형,경기도 포천시,2021,37.99183333333333,127.228675
1568,경기도 소흘읍 직동리 산9-5번지 일원(죽엽산 비득재),2,경기도 포천시,육교형,경기도 포천시,2019,37.78627777777778,127.1648138888889
1569,경기도 시흥시 장곡동,4,경기도 시흥시,육교형,경기도 시흥시,2022,37.88027777777778,128.51444444444445
1570,충청남도 충청남도 아산시 송악면 거산리 산76-1,4,국토교통부,육교형,국토교통부,2019,36.65222222222222,126.9825
1571,강원도 강원도 삼척시 원덕읍 노곡리,4,국토교통부,육교형,국토교통부,2021,37.20916666666667,129.33722222222224
1572,제주특별자치도 제주특별자치도 제주시 용강동,2,제주특별자치도,터널형,제주특별자치도,2008,33.427499999999995,126.60055555555554
1573,경기도 화성시 중동 산74-2,2,경기도 화성시,육교형,경기도,2007,37.2103384,127.1239641
